[0.017s] Invoking command in '/home/swati/Motion_Planning/MP_for_AV/src/MP_for_AV/build/vd_msgs': CMAKE_PREFIX_PATH=/opt/ros/humble /opt/cmake-3.28.3-linux-x86_64/bin/cmake /home/swati/Motion_Planning/MP_for_AV/src/MP_for_AV/vd_msgs -DCMAKE_VERBOSE_MAKEFILE=ON -DCMAKE_INSTALL_PREFIX=/home/swati/Motion_Planning/MP_for_AV/src/MP_for_AV/install/vd_msgs
[0.553s] -- The C compiler identification is GNU 11.4.0
[0.553s] -- The CXX compiler identification is GNU 11.4.0
[0.553s] -- Detecting C compiler ABI info
[0.553s] -- Detecting C compiler ABI info - done
[0.553s] -- Check for working C compiler: /usr/bin/cc - skipped
[0.553s] -- Detecting C compile features
[0.553s] -- Detecting C compile features - done
[0.553s] -- Detecting CXX compiler ABI info
[0.553s] -- Detecting CXX compiler ABI info - done
[0.554s] -- Check for working CXX compiler: /usr/bin/c++ - skipped
[0.554s] -- Detecting CXX compile features
[0.554s] -- Detecting CXX compile features - done
[0.554s] -- Found ament_cmake: 1.3.10 (/opt/ros/humble/share/ament_cmake/cmake)
[0.554s] -- Found Python3: /usr/bin/python3 (found version "3.10.12") found components: Interpreter 
[0.554s] -- Found std_msgs: 4.2.4 (/opt/ros/humble/share/std_msgs/cmake)
[0.554s] -- Found rosidl_generator_c: 3.1.5 (/opt/ros/humble/share/rosidl_generator_c/cmake)
[0.554s] -- Found rosidl_adapter: 3.1.5 (/opt/ros/humble/share/rosidl_adapter/cmake)
[0.554s] -- Found rosidl_generator_cpp: 3.1.5 (/opt/ros/humble/share/rosidl_generator_cpp/cmake)
[0.565s] -- Using all available rosidl_typesupport_c: rosidl_typesupport_fastrtps_c;rosidl_typesupport_introspection_c
[0.581s] -- Using all available rosidl_typesupport_cpp: rosidl_typesupport_fastrtps_cpp;rosidl_typesupport_introspection_cpp
[0.608s] -- Found rosidl_default_generators: 1.2.0 (/opt/ros/humble/share/rosidl_default_generators/cmake)
[1.021s] -- Found ament_cmake_ros: 0.10.0 (/opt/ros/humble/share/ament_cmake_ros/cmake)
[1.767s] -- Using all available rosidl_typesupport_c: rosidl_typesupport_fastrtps_c;rosidl_typesupport_introspection_c
[2.038s] -- Using all available rosidl_typesupport_cpp: rosidl_typesupport_fastrtps_cpp;rosidl_typesupport_introspection_cpp
[2.046s] [33mCMake Warning (dev) at /opt/ros/humble/share/rosidl_generator_py/cmake/rosidl_generator_py_generate_interfaces.cmake:20 (find_package):
[2.046s]   Policy CMP0148 is not set: The FindPythonInterp and FindPythonLibs modules
[2.046s]   are removed.  Run "cmake --help-policy CMP0148" for policy details.  Use
[2.046s]   the cmake_policy command to set the policy and suppress this warning.
[2.046s] 
[2.046s] Call Stack (most recent call first):
[2.046s]   /opt/ros/humble/share/ament_cmake_core/cmake/core/ament_execute_extensions.cmake:48 (include)
[2.046s]   /opt/ros/humble/share/rosidl_cmake/cmake/rosidl_generate_interfaces.cmake:286 (ament_execute_extensions)
[2.046s]   CMakeLists.txt:15 (rosidl_generate_interfaces)
[2.046s] This warning is for project developers.  Use -Wno-dev to suppress it.
[2.046s] [0m
[2.066s] -- Found PythonInterp: /usr/bin/python3 (found suitable version "3.10.12", minimum required is "3.6") 
[2.067s] -- Found python_cmake_module: 0.10.0 (/opt/ros/humble/share/python_cmake_module/cmake)
[2.069s] [33mCMake Warning (dev) at /opt/ros/humble/share/python_cmake_module/cmake/Modules/FindPythonExtra.cmake:52 (find_package):
[2.069s]   Policy CMP0148 is not set: The FindPythonInterp and FindPythonLibs modules
[2.069s]   are removed.  Run "cmake --help-policy CMP0148" for policy details.  Use
[2.069s]   the cmake_policy command to set the policy and suppress this warning.
[2.069s] 
[2.069s] Call Stack (most recent call first):
[2.069s]   /opt/ros/humble/share/rosidl_generator_py/cmake/rosidl_generator_py_generate_interfaces.cmake:23 (find_package)
[2.069s]   /opt/ros/humble/share/ament_cmake_core/cmake/core/ament_execute_extensions.cmake:48 (include)
[2.069s]   /opt/ros/humble/share/rosidl_cmake/cmake/rosidl_generate_interfaces.cmake:286 (ament_execute_extensions)
[2.069s]   CMakeLists.txt:15 (rosidl_generate_interfaces)
[2.069s] This warning is for project developers.  Use -Wno-dev to suppress it.
[2.069s] [0m
[2.093s] [33mCMake Warning (dev) at /opt/ros/humble/share/python_cmake_module/cmake/Modules/FindPythonExtra.cmake:140 (find_package):
[2.093s]   Policy CMP0148 is not set: The FindPythonInterp and FindPythonLibs modules
[2.093s]   are removed.  Run "cmake --help-policy CMP0148" for policy details.  Use
[2.093s]   the cmake_policy command to set the policy and suppress this warning.
[2.093s] 
[2.093s] Call Stack (most recent call first):
[2.093s]   /opt/ros/humble/share/rosidl_generator_py/cmake/rosidl_generator_py_generate_interfaces.cmake:23 (find_package)
[2.093s]   /opt/ros/humble/share/ament_cmake_core/cmake/core/ament_execute_extensions.cmake:48 (include)
[2.093s]   /opt/ros/humble/share/rosidl_cmake/cmake/rosidl_generate_interfaces.cmake:286 (ament_execute_extensions)
[2.093s]   CMakeLists.txt:15 (rosidl_generate_interfaces)
[2.093s] This warning is for project developers.  Use -Wno-dev to suppress it.
[2.093s] [0m
[2.097s] -- Found PythonLibs: /usr/lib/x86_64-linux-gnu/libpython3.10.so (found suitable version "3.10.12", minimum required is "3.5") 
[2.097s] -- Using PYTHON_EXECUTABLE: /usr/bin/python3
[2.098s] -- Using PYTHON_INCLUDE_DIRS: /usr/include/python3.10
[2.098s] -- Using PYTHON_LIBRARIES: /usr/lib/x86_64-linux-gnu/libpython3.10.so
[2.119s] -- Found PythonExtra: .so  
[2.162s] -- Found ament_lint_auto: 0.12.11 (/opt/ros/humble/share/ament_lint_auto/cmake)
[2.179s] -- Added test 'lint_cmake' to check CMake code style
[2.180s] -- Added test 'xmllint' to check XML markup files
[2.181s] -- Configuring done (2.2s)
[2.212s] -- Generating done (0.0s)
[2.214s] -- Build files have been written to: /home/swati/Motion_Planning/MP_for_AV/src/MP_for_AV/build/vd_msgs
[2.219s] Invoked command in '/home/swati/Motion_Planning/MP_for_AV/src/MP_for_AV/build/vd_msgs' returned '0': CMAKE_PREFIX_PATH=/opt/ros/humble /opt/cmake-3.28.3-linux-x86_64/bin/cmake /home/swati/Motion_Planning/MP_for_AV/src/MP_for_AV/vd_msgs -DCMAKE_VERBOSE_MAKEFILE=ON -DCMAKE_INSTALL_PREFIX=/home/swati/Motion_Planning/MP_for_AV/src/MP_for_AV/install/vd_msgs
[2.219s] Invoking command in '/home/swati/Motion_Planning/MP_for_AV/src/MP_for_AV/build/vd_msgs': CMAKE_PREFIX_PATH=/opt/ros/humble /opt/cmake-3.28.3-linux-x86_64/bin/cmake --build /home/swati/Motion_Planning/MP_for_AV/src/MP_for_AV/build/vd_msgs -- -j20 -l20
[2.221s] Change Dir: '/home/swati/Motion_Planning/MP_for_AV/src/MP_for_AV/build/vd_msgs'
[2.221s] 
[2.222s] Run Build Command(s): /opt/cmake-3.28.3-linux-x86_64/bin/cmake -E env VERBOSE=1 /usr/bin/gmake -f Makefile -j20 -l20
[2.226s] /opt/cmake-3.28.3-linux-x86_64/bin/cmake -S/home/swati/Motion_Planning/MP_for_AV/src/MP_for_AV/vd_msgs -B/home/swati/Motion_Planning/MP_for_AV/src/MP_for_AV/build/vd_msgs --check-build-system CMakeFiles/Makefile.cmake 0
[2.232s] /opt/cmake-3.28.3-linux-x86_64/bin/cmake -E cmake_progress_start /home/swati/Motion_Planning/MP_for_AV/src/MP_for_AV/build/vd_msgs/CMakeFiles /home/swati/Motion_Planning/MP_for_AV/src/MP_for_AV/build/vd_msgs//CMakeFiles/progress.marks
[2.233s] /usr/bin/gmake  -f CMakeFiles/Makefile2 all
[2.235s] gmake[1]: Entering directory '/home/swati/Motion_Planning/MP_for_AV/src/MP_for_AV/build/vd_msgs'
[2.235s] /usr/bin/gmake  -f CMakeFiles/vd_msgs__cpp.dir/build.make CMakeFiles/vd_msgs__cpp.dir/depend
[2.235s] /usr/bin/gmake  -f CMakeFiles/vd_msgs__rosidl_generator_c.dir/build.make CMakeFiles/vd_msgs__rosidl_generator_c.dir/depend
[2.236s] /usr/bin/gmake  -f CMakeFiles/ament_cmake_python_copy_vd_msgs.dir/build.make CMakeFiles/ament_cmake_python_copy_vd_msgs.dir/depend
[2.236s] gmake[2]: Entering directory '/home/swati/Motion_Planning/MP_for_AV/src/MP_for_AV/build/vd_msgs'
[2.236s] cd /home/swati/Motion_Planning/MP_for_AV/src/MP_for_AV/build/vd_msgs && /opt/cmake-3.28.3-linux-x86_64/bin/cmake -E cmake_depends "Unix Makefiles" /home/swati/Motion_Planning/MP_for_AV/src/MP_for_AV/vd_msgs /home/swati/Motion_Planning/MP_for_AV/src/MP_for_AV/vd_msgs /home/swati/Motion_Planning/MP_for_AV/src/MP_for_AV/build/vd_msgs /home/swati/Motion_Planning/MP_for_AV/src/MP_for_AV/build/vd_msgs /home/swati/Motion_Planning/MP_for_AV/src/MP_for_AV/build/vd_msgs/CMakeFiles/vd_msgs__cpp.dir/DependInfo.cmake "--color="
[2.237s] gmake[2]: Entering directory '/home/swati/Motion_Planning/MP_for_AV/src/MP_for_AV/build/vd_msgs'
[2.237s] cd /home/swati/Motion_Planning/MP_for_AV/src/MP_for_AV/build/vd_msgs && /opt/cmake-3.28.3-linux-x86_64/bin/cmake -E cmake_depends "Unix Makefiles" /home/swati/Motion_Planning/MP_for_AV/src/MP_for_AV/vd_msgs /home/swati/Motion_Planning/MP_for_AV/src/MP_for_AV/vd_msgs /home/swati/Motion_Planning/MP_for_AV/src/MP_for_AV/build/vd_msgs /home/swati/Motion_Planning/MP_for_AV/src/MP_for_AV/build/vd_msgs /home/swati/Motion_Planning/MP_for_AV/src/MP_for_AV/build/vd_msgs/CMakeFiles/ament_cmake_python_copy_vd_msgs.dir/DependInfo.cmake "--color="
[2.237s] gmake[2]: Entering directory '/home/swati/Motion_Planning/MP_for_AV/src/MP_for_AV/build/vd_msgs'
[2.239s] [  1%] [34m[1mGenerating C code for ROS interfaces[0m
[2.240s] /usr/bin/python3 /opt/ros/humble/share/rosidl_generator_c/cmake/../../../lib/rosidl_generator_c/rosidl_generator_c --generator-arguments-file /home/swati/Motion_Planning/MP_for_AV/src/MP_for_AV/build/vd_msgs/rosidl_generator_c__arguments.json
[2.241s] gmake[2]: Leaving directory '/home/swati/Motion_Planning/MP_for_AV/src/MP_for_AV/build/vd_msgs'
[2.241s] gmake[2]: Leaving directory '/home/swati/Motion_Planning/MP_for_AV/src/MP_for_AV/build/vd_msgs'
[2.241s] /usr/bin/gmake  -f CMakeFiles/ament_cmake_python_copy_vd_msgs.dir/build.make CMakeFiles/ament_cmake_python_copy_vd_msgs.dir/build
[2.242s] /usr/bin/gmake  -f CMakeFiles/vd_msgs__cpp.dir/build.make CMakeFiles/vd_msgs__cpp.dir/build
[2.244s] gmake[2]: Entering directory '/home/swati/Motion_Planning/MP_for_AV/src/MP_for_AV/build/vd_msgs'
[2.244s] /opt/cmake-3.28.3-linux-x86_64/bin/cmake -E copy_directory /home/swati/Motion_Planning/MP_for_AV/src/MP_for_AV/build/vd_msgs/rosidl_generator_py/vd_msgs /home/swati/Motion_Planning/MP_for_AV/src/MP_for_AV/build/vd_msgs/ament_cmake_python/vd_msgs/vd_msgs
[2.244s] gmake[2]: Entering directory '/home/swati/Motion_Planning/MP_for_AV/src/MP_for_AV/build/vd_msgs'
[2.248s] [  2%] [34m[1mGenerating C++ code for ROS interfaces[0m
[2.248s] gmake[2]: Leaving directory '/home/swati/Motion_Planning/MP_for_AV/src/MP_for_AV/build/vd_msgs'
[2.248s] /usr/bin/python3 /opt/ros/humble/share/rosidl_generator_cpp/cmake/../../../lib/rosidl_generator_cpp/rosidl_generator_cpp --generator-arguments-file /home/swati/Motion_Planning/MP_for_AV/src/MP_for_AV/build/vd_msgs/rosidl_generator_cpp__arguments.json
[2.252s] [  2%] Built target ament_cmake_python_copy_vd_msgs
[2.253s] /usr/bin/gmake  -f CMakeFiles/ament_cmake_python_build_vd_msgs_egg.dir/build.make CMakeFiles/ament_cmake_python_build_vd_msgs_egg.dir/depend
[2.255s] gmake[2]: Entering directory '/home/swati/Motion_Planning/MP_for_AV/src/MP_for_AV/build/vd_msgs'
[2.256s] cd /home/swati/Motion_Planning/MP_for_AV/src/MP_for_AV/build/vd_msgs && /opt/cmake-3.28.3-linux-x86_64/bin/cmake -E cmake_depends "Unix Makefiles" /home/swati/Motion_Planning/MP_for_AV/src/MP_for_AV/vd_msgs /home/swati/Motion_Planning/MP_for_AV/src/MP_for_AV/vd_msgs /home/swati/Motion_Planning/MP_for_AV/src/MP_for_AV/build/vd_msgs /home/swati/Motion_Planning/MP_for_AV/src/MP_for_AV/build/vd_msgs /home/swati/Motion_Planning/MP_for_AV/src/MP_for_AV/build/vd_msgs/CMakeFiles/ament_cmake_python_build_vd_msgs_egg.dir/DependInfo.cmake "--color="
[2.260s] gmake[2]: Leaving directory '/home/swati/Motion_Planning/MP_for_AV/src/MP_for_AV/build/vd_msgs'
[2.260s] /usr/bin/gmake  -f CMakeFiles/ament_cmake_python_build_vd_msgs_egg.dir/build.make CMakeFiles/ament_cmake_python_build_vd_msgs_egg.dir/build
[2.263s] gmake[2]: Entering directory '/home/swati/Motion_Planning/MP_for_AV/src/MP_for_AV/build/vd_msgs'
[2.263s] cd /home/swati/Motion_Planning/MP_for_AV/src/MP_for_AV/build/vd_msgs/ament_cmake_python/vd_msgs && /usr/bin/python3 setup.py egg_info
[2.427s] running egg_info
[2.439s] creating vd_msgs.egg-info
[2.439s] writing vd_msgs.egg-info/PKG-INFO
[2.439s] writing dependency_links to vd_msgs.egg-info/dependency_links.txt
[2.440s] writing top-level names to vd_msgs.egg-info/top_level.txt
[2.440s] writing manifest file 'vd_msgs.egg-info/SOURCES.txt'
[2.475s] reading manifest file 'vd_msgs.egg-info/SOURCES.txt'
[2.475s] writing manifest file 'vd_msgs.egg-info/SOURCES.txt'
[2.494s] gmake[2]: Leaving directory '/home/swati/Motion_Planning/MP_for_AV/src/MP_for_AV/build/vd_msgs'
[2.497s] [  2%] Built target ament_cmake_python_build_vd_msgs_egg
[2.649s] gmake[2]: Leaving directory '/home/swati/Motion_Planning/MP_for_AV/src/MP_for_AV/build/vd_msgs'
[2.651s] [  2%] Built target vd_msgs__cpp
[2.651s] /usr/bin/gmake  -f CMakeFiles/vd_msgs__rosidl_typesupport_cpp.dir/build.make CMakeFiles/vd_msgs__rosidl_typesupport_cpp.dir/depend
[2.651s] /usr/bin/gmake  -f CMakeFiles/vd_msgs__rosidl_typesupport_fastrtps_cpp.dir/build.make CMakeFiles/vd_msgs__rosidl_typesupport_fastrtps_cpp.dir/depend
[2.651s] /usr/bin/gmake  -f CMakeFiles/vd_msgs__rosidl_typesupport_introspection_cpp.dir/build.make CMakeFiles/vd_msgs__rosidl_typesupport_introspection_cpp.dir/depend
[2.652s] gmake[2]: Entering directory '/home/swati/Motion_Planning/MP_for_AV/src/MP_for_AV/build/vd_msgs'
[2.652s] gmake[2]: Entering directory '/home/swati/Motion_Planning/MP_for_AV/src/MP_for_AV/build/vd_msgs'
[2.653s] gmake[2]: Entering directory '/home/swati/Motion_Planning/MP_for_AV/src/MP_for_AV/build/vd_msgs'
[2.654s] [  3%] [34m[1mGenerating C++ introspection for ROS interfaces[0m
[2.654s] /usr/bin/python3 /opt/ros/humble/lib/rosidl_typesupport_introspection_cpp/rosidl_typesupport_introspection_cpp --generator-arguments-file /home/swati/Motion_Planning/MP_for_AV/src/MP_for_AV/build/vd_msgs/rosidl_typesupport_introspection_cpp__arguments.json
[2.654s] [  5%] [34m[1mGenerating C++ type support for eProsima Fast-RTPS[0m
[2.654s] [  6%] [34m[1mGenerating C++ type support dispatch for ROS interfaces[0m
[2.655s] /usr/bin/python3 /opt/ros/humble/lib/rosidl_typesupport_fastrtps_cpp/rosidl_typesupport_fastrtps_cpp --generator-arguments-file /home/swati/Motion_Planning/MP_for_AV/src/MP_for_AV/build/vd_msgs/rosidl_typesupport_fastrtps_cpp__arguments.json
[2.655s] /usr/bin/python3 /opt/ros/humble/lib/rosidl_typesupport_cpp/rosidl_typesupport_cpp --generator-arguments-file /home/swati/Motion_Planning/MP_for_AV/src/MP_for_AV/build/vd_msgs/rosidl_typesupport_cpp__arguments.json --typesupports rosidl_typesupport_fastrtps_cpp rosidl_typesupport_introspection_cpp
[2.667s] cd /home/swati/Motion_Planning/MP_for_AV/src/MP_for_AV/build/vd_msgs && /opt/cmake-3.28.3-linux-x86_64/bin/cmake -E cmake_depends "Unix Makefiles" /home/swati/Motion_Planning/MP_for_AV/src/MP_for_AV/vd_msgs /home/swati/Motion_Planning/MP_for_AV/src/MP_for_AV/vd_msgs /home/swati/Motion_Planning/MP_for_AV/src/MP_for_AV/build/vd_msgs /home/swati/Motion_Planning/MP_for_AV/src/MP_for_AV/build/vd_msgs /home/swati/Motion_Planning/MP_for_AV/src/MP_for_AV/build/vd_msgs/CMakeFiles/vd_msgs__rosidl_generator_c.dir/DependInfo.cmake "--color="
[2.670s] gmake[2]: Leaving directory '/home/swati/Motion_Planning/MP_for_AV/src/MP_for_AV/build/vd_msgs'
[2.670s] /usr/bin/gmake  -f CMakeFiles/vd_msgs__rosidl_generator_c.dir/build.make CMakeFiles/vd_msgs__rosidl_generator_c.dir/build
[2.671s] gmake[2]: Entering directory '/home/swati/Motion_Planning/MP_for_AV/src/MP_for_AV/build/vd_msgs'
[2.674s] [  7%] [32mBuilding C object CMakeFiles/vd_msgs__rosidl_generator_c.dir/rosidl_generator_c/vd_msgs/msg/detail/v_dtraj__functions.c.o[0m
[2.674s] [ 10%] [32mBuilding C object CMakeFiles/vd_msgs__rosidl_generator_c.dir/rosidl_generator_c/vd_msgs/msg/detail/v_dpose__functions.c.o[0m
[2.674s] [ 10%] [32mBuilding C object CMakeFiles/vd_msgs__rosidl_generator_c.dir/rosidl_generator_c/vd_msgs/msg/detail/v_dstate__functions.c.o[0m
[2.674s] /usr/bin/cc -DRCUTILS_ENABLE_FAULT_INJECTION -DROSIDL_GENERATOR_C_BUILDING_DLL_vd_msgs -DROS_PACKAGE_NAME=\"vd_msgs\" -I/home/swati/Motion_Planning/MP_for_AV/src/MP_for_AV/build/vd_msgs/rosidl_generator_c -isystem /opt/ros/humble/include/std_msgs -isystem /opt/ros/humble/include/builtin_interfaces -isystem /opt/ros/humble/include/rosidl_runtime_c -isystem /opt/ros/humble/include/rcutils -isystem /opt/ros/humble/include/rosidl_typesupport_interface -std=gnu11 -fPIC -Wall -MD -MT CMakeFiles/vd_msgs__rosidl_generator_c.dir/rosidl_generator_c/vd_msgs/msg/detail/v_dtraj__functions.c.o -MF CMakeFiles/vd_msgs__rosidl_generator_c.dir/rosidl_generator_c/vd_msgs/msg/detail/v_dtraj__functions.c.o.d -o CMakeFiles/vd_msgs__rosidl_generator_c.dir/rosidl_generator_c/vd_msgs/msg/detail/v_dtraj__functions.c.o -c /home/swati/Motion_Planning/MP_for_AV/src/MP_for_AV/build/vd_msgs/rosidl_generator_c/vd_msgs/msg/detail/v_dtraj__functions.c
[2.674s] /usr/bin/cc -DRCUTILS_ENABLE_FAULT_INJECTION -DROSIDL_GENERATOR_C_BUILDING_DLL_vd_msgs -DROS_PACKAGE_NAME=\"vd_msgs\" -I/home/swati/Motion_Planning/MP_for_AV/src/MP_for_AV/build/vd_msgs/rosidl_generator_c -isystem /opt/ros/humble/include/std_msgs -isystem /opt/ros/humble/include/builtin_interfaces -isystem /opt/ros/humble/include/rosidl_runtime_c -isystem /opt/ros/humble/include/rcutils -isystem /opt/ros/humble/include/rosidl_typesupport_interface -std=gnu11 -fPIC -Wall -MD -MT CMakeFiles/vd_msgs__rosidl_generator_c.dir/rosidl_generator_c/vd_msgs/msg/detail/v_dpose__functions.c.o -MF CMakeFiles/vd_msgs__rosidl_generator_c.dir/rosidl_generator_c/vd_msgs/msg/detail/v_dpose__functions.c.o.d -o CMakeFiles/vd_msgs__rosidl_generator_c.dir/rosidl_generator_c/vd_msgs/msg/detail/v_dpose__functions.c.o -c /home/swati/Motion_Planning/MP_for_AV/src/MP_for_AV/build/vd_msgs/rosidl_generator_c/vd_msgs/msg/detail/v_dpose__functions.c
[2.674s] [ 12%] [32mBuilding C object CMakeFiles/vd_msgs__rosidl_generator_c.dir/rosidl_generator_c/vd_msgs/msg/detail/vd_path__functions.c.o[0m
[2.674s] [ 12%] [32mBuilding C object CMakeFiles/vd_msgs__rosidl_generator_c.dir/rosidl_generator_c/vd_msgs/msg/detail/vd_control_cmd__functions.c.o[0m
[2.675s] /usr/bin/cc -DRCUTILS_ENABLE_FAULT_INJECTION -DROSIDL_GENERATOR_C_BUILDING_DLL_vd_msgs -DROS_PACKAGE_NAME=\"vd_msgs\" -I/home/swati/Motion_Planning/MP_for_AV/src/MP_for_AV/build/vd_msgs/rosidl_generator_c -isystem /opt/ros/humble/include/std_msgs -isystem /opt/ros/humble/include/builtin_interfaces -isystem /opt/ros/humble/include/rosidl_runtime_c -isystem /opt/ros/humble/include/rcutils -isystem /opt/ros/humble/include/rosidl_typesupport_interface -std=gnu11 -fPIC -Wall -MD -MT CMakeFiles/vd_msgs__rosidl_generator_c.dir/rosidl_generator_c/vd_msgs/msg/detail/v_dstate__functions.c.o -MF CMakeFiles/vd_msgs__rosidl_generator_c.dir/rosidl_generator_c/vd_msgs/msg/detail/v_dstate__functions.c.o.d -o CMakeFiles/vd_msgs__rosidl_generator_c.dir/rosidl_generator_c/vd_msgs/msg/detail/v_dstate__functions.c.o -c /home/swati/Motion_Planning/MP_for_AV/src/MP_for_AV/build/vd_msgs/rosidl_generator_c/vd_msgs/msg/detail/v_dstate__functions.c
[2.675s] [ 13%] [32mBuilding C object CMakeFiles/vd_msgs__rosidl_generator_c.dir/rosidl_generator_c/vd_msgs/msg/detail/vd_list__functions.c.o[0m
[2.675s] /usr/bin/cc -DRCUTILS_ENABLE_FAULT_INJECTION -DROSIDL_GENERATOR_C_BUILDING_DLL_vd_msgs -DROS_PACKAGE_NAME=\"vd_msgs\" -I/home/swati/Motion_Planning/MP_for_AV/src/MP_for_AV/build/vd_msgs/rosidl_generator_c -isystem /opt/ros/humble/include/std_msgs -isystem /opt/ros/humble/include/builtin_interfaces -isystem /opt/ros/humble/include/rosidl_runtime_c -isystem /opt/ros/humble/include/rcutils -isystem /opt/ros/humble/include/rosidl_typesupport_interface -std=gnu11 -fPIC -Wall -MD -MT CMakeFiles/vd_msgs__rosidl_generator_c.dir/rosidl_generator_c/vd_msgs/msg/detail/vd_control_cmd__functions.c.o -MF CMakeFiles/vd_msgs__rosidl_generator_c.dir/rosidl_generator_c/vd_msgs/msg/detail/vd_control_cmd__functions.c.o.d -o CMakeFiles/vd_msgs__rosidl_generator_c.dir/rosidl_generator_c/vd_msgs/msg/detail/vd_control_cmd__functions.c.o -c /home/swati/Motion_Planning/MP_for_AV/src/MP_for_AV/build/vd_msgs/rosidl_generator_c/vd_msgs/msg/detail/vd_control_cmd__functions.c
[2.675s] /usr/bin/cc -DRCUTILS_ENABLE_FAULT_INJECTION -DROSIDL_GENERATOR_C_BUILDING_DLL_vd_msgs -DROS_PACKAGE_NAME=\"vd_msgs\" -I/home/swati/Motion_Planning/MP_for_AV/src/MP_for_AV/build/vd_msgs/rosidl_generator_c -isystem /opt/ros/humble/include/std_msgs -isystem /opt/ros/humble/include/builtin_interfaces -isystem /opt/ros/humble/include/rosidl_runtime_c -isystem /opt/ros/humble/include/rcutils -isystem /opt/ros/humble/include/rosidl_typesupport_interface -std=gnu11 -fPIC -Wall -MD -MT CMakeFiles/vd_msgs__rosidl_generator_c.dir/rosidl_generator_c/vd_msgs/msg/detail/vd_path__functions.c.o -MF CMakeFiles/vd_msgs__rosidl_generator_c.dir/rosidl_generator_c/vd_msgs/msg/detail/vd_path__functions.c.o.d -o CMakeFiles/vd_msgs__rosidl_generator_c.dir/rosidl_generator_c/vd_msgs/msg/detail/vd_path__functions.c.o -c /home/swati/Motion_Planning/MP_for_AV/src/MP_for_AV/build/vd_msgs/rosidl_generator_c/vd_msgs/msg/detail/vd_path__functions.c
[2.675s] [ 15%] [32mBuilding C object CMakeFiles/vd_msgs__rosidl_generator_c.dir/rosidl_generator_c/vd_msgs/srv/detail/planner_srv__functions.c.o[0m
[2.675s] /usr/bin/cc -DRCUTILS_ENABLE_FAULT_INJECTION -DROSIDL_GENERATOR_C_BUILDING_DLL_vd_msgs -DROS_PACKAGE_NAME=\"vd_msgs\" -I/home/swati/Motion_Planning/MP_for_AV/src/MP_for_AV/build/vd_msgs/rosidl_generator_c -isystem /opt/ros/humble/include/std_msgs -isystem /opt/ros/humble/include/builtin_interfaces -isystem /opt/ros/humble/include/rosidl_runtime_c -isystem /opt/ros/humble/include/rcutils -isystem /opt/ros/humble/include/rosidl_typesupport_interface -std=gnu11 -fPIC -Wall -MD -MT CMakeFiles/vd_msgs__rosidl_generator_c.dir/rosidl_generator_c/vd_msgs/msg/detail/vd_list__functions.c.o -MF CMakeFiles/vd_msgs__rosidl_generator_c.dir/rosidl_generator_c/vd_msgs/msg/detail/vd_list__functions.c.o.d -o CMakeFiles/vd_msgs__rosidl_generator_c.dir/rosidl_generator_c/vd_msgs/msg/detail/vd_list__functions.c.o -c /home/swati/Motion_Planning/MP_for_AV/src/MP_for_AV/build/vd_msgs/rosidl_generator_c/vd_msgs/msg/detail/vd_list__functions.c
[2.675s] /usr/bin/cc -DRCUTILS_ENABLE_FAULT_INJECTION -DROSIDL_GENERATOR_C_BUILDING_DLL_vd_msgs -DROS_PACKAGE_NAME=\"vd_msgs\" -I/home/swati/Motion_Planning/MP_for_AV/src/MP_for_AV/build/vd_msgs/rosidl_generator_c -isystem /opt/ros/humble/include/std_msgs -isystem /opt/ros/humble/include/builtin_interfaces -isystem /opt/ros/humble/include/rosidl_runtime_c -isystem /opt/ros/humble/include/rcutils -isystem /opt/ros/humble/include/rosidl_typesupport_interface -std=gnu11 -fPIC -Wall -MD -MT CMakeFiles/vd_msgs__rosidl_generator_c.dir/rosidl_generator_c/vd_msgs/srv/detail/planner_srv__functions.c.o -MF CMakeFiles/vd_msgs__rosidl_generator_c.dir/rosidl_generator_c/vd_msgs/srv/detail/planner_srv__functions.c.o.d -o CMakeFiles/vd_msgs__rosidl_generator_c.dir/rosidl_generator_c/vd_msgs/srv/detail/planner_srv__functions.c.o -c /home/swati/Motion_Planning/MP_for_AV/src/MP_for_AV/build/vd_msgs/rosidl_generator_c/vd_msgs/srv/detail/planner_srv__functions.c
[2.723s] [ 16%] [32m[1mLinking C shared library libvd_msgs__rosidl_generator_c.so[0m
[2.723s] /opt/cmake-3.28.3-linux-x86_64/bin/cmake -E cmake_link_script CMakeFiles/vd_msgs__rosidl_generator_c.dir/link.txt --verbose=1
[2.724s] /usr/bin/cc -fPIC -shared -Wl,-soname,libvd_msgs__rosidl_generator_c.so -o libvd_msgs__rosidl_generator_c.so CMakeFiles/vd_msgs__rosidl_generator_c.dir/rosidl_generator_c/vd_msgs/msg/detail/v_dpose__functions.c.o CMakeFiles/vd_msgs__rosidl_generator_c.dir/rosidl_generator_c/vd_msgs/msg/detail/v_dstate__functions.c.o CMakeFiles/vd_msgs__rosidl_generator_c.dir/rosidl_generator_c/vd_msgs/msg/detail/v_dtraj__functions.c.o CMakeFiles/vd_msgs__rosidl_generator_c.dir/rosidl_generator_c/vd_msgs/msg/detail/vd_control_cmd__functions.c.o CMakeFiles/vd_msgs__rosidl_generator_c.dir/rosidl_generator_c/vd_msgs/msg/detail/vd_path__functions.c.o CMakeFiles/vd_msgs__rosidl_generator_c.dir/rosidl_generator_c/vd_msgs/msg/detail/vd_list__functions.c.o CMakeFiles/vd_msgs__rosidl_generator_c.dir/rosidl_generator_c/vd_msgs/srv/detail/planner_srv__functions.c.o  -Wl,-rpath,/opt/ros/humble/lib: /opt/ros/humble/lib/libstd_msgs__rosidl_generator_c.so /opt/ros/humble/lib/libbuiltin_interfaces__rosidl_generator_c.so /opt/ros/humble/lib/librosidl_runtime_c.so /opt/ros/humble/lib/librcutils.so -ldl 
[2.747s] gmake[2]: Leaving directory '/home/swati/Motion_Planning/MP_for_AV/src/MP_for_AV/build/vd_msgs'
[2.750s] [ 16%] Built target vd_msgs__rosidl_generator_c
[2.751s] /usr/bin/gmake  -f CMakeFiles/vd_msgs__rosidl_typesupport_fastrtps_c.dir/build.make CMakeFiles/vd_msgs__rosidl_typesupport_fastrtps_c.dir/depend
[2.751s] /usr/bin/gmake  -f CMakeFiles/vd_msgs__rosidl_typesupport_introspection_c.dir/build.make CMakeFiles/vd_msgs__rosidl_typesupport_introspection_c.dir/depend
[2.751s] /usr/bin/gmake  -f CMakeFiles/vd_msgs__rosidl_typesupport_c.dir/build.make CMakeFiles/vd_msgs__rosidl_typesupport_c.dir/depend
[2.752s] gmake[2]: Entering directory '/home/swati/Motion_Planning/MP_for_AV/src/MP_for_AV/build/vd_msgs'
[2.752s] gmake[2]: Entering directory '/home/swati/Motion_Planning/MP_for_AV/src/MP_for_AV/build/vd_msgs'
[2.753s] gmake[2]: Entering directory '/home/swati/Motion_Planning/MP_for_AV/src/MP_for_AV/build/vd_msgs'
[2.754s] [ 17%] [34m[1mGenerating C type support for eProsima Fast-RTPS[0m
[2.754s] /usr/bin/python3 /opt/ros/humble/lib/rosidl_typesupport_fastrtps_c/rosidl_typesupport_fastrtps_c --generator-arguments-file /home/swati/Motion_Planning/MP_for_AV/src/MP_for_AV/build/vd_msgs/rosidl_typesupport_fastrtps_c__arguments.json
[2.754s] [ 18%] [34m[1mGenerating C introspection for ROS interfaces[0m
[2.755s] [ 20%] [34m[1mGenerating C type support dispatch for ROS interfaces[0m
[2.755s] /usr/bin/python3 /opt/ros/humble/lib/rosidl_typesupport_introspection_c/rosidl_typesupport_introspection_c --generator-arguments-file /home/swati/Motion_Planning/MP_for_AV/src/MP_for_AV/build/vd_msgs/rosidl_typesupport_introspection_c__arguments.json
[2.755s] /usr/bin/python3 /opt/ros/humble/lib/rosidl_typesupport_c/rosidl_typesupport_c --generator-arguments-file /home/swati/Motion_Planning/MP_for_AV/src/MP_for_AV/build/vd_msgs/rosidl_typesupport_c__arguments.json --typesupports rosidl_typesupport_fastrtps_c rosidl_typesupport_introspection_c
[2.895s] cd /home/swati/Motion_Planning/MP_for_AV/src/MP_for_AV/build/vd_msgs && /opt/cmake-3.28.3-linux-x86_64/bin/cmake -E cmake_depends "Unix Makefiles" /home/swati/Motion_Planning/MP_for_AV/src/MP_for_AV/vd_msgs /home/swati/Motion_Planning/MP_for_AV/src/MP_for_AV/vd_msgs /home/swati/Motion_Planning/MP_for_AV/src/MP_for_AV/build/vd_msgs /home/swati/Motion_Planning/MP_for_AV/src/MP_for_AV/build/vd_msgs /home/swati/Motion_Planning/MP_for_AV/src/MP_for_AV/build/vd_msgs/CMakeFiles/vd_msgs__rosidl_typesupport_cpp.dir/DependInfo.cmake "--color="
[2.898s] gmake[2]: Leaving directory '/home/swati/Motion_Planning/MP_for_AV/src/MP_for_AV/build/vd_msgs'
[2.898s] /usr/bin/gmake  -f CMakeFiles/vd_msgs__rosidl_typesupport_cpp.dir/build.make CMakeFiles/vd_msgs__rosidl_typesupport_cpp.dir/build
[2.900s] gmake[2]: Entering directory '/home/swati/Motion_Planning/MP_for_AV/src/MP_for_AV/build/vd_msgs'
[2.902s] [ 21%] [32mBuilding CXX object CMakeFiles/vd_msgs__rosidl_typesupport_cpp.dir/rosidl_typesupport_cpp/vd_msgs/msg/v_dpose__type_support.cpp.o[0m
[2.902s] [ 22%] [32mBuilding CXX object CMakeFiles/vd_msgs__rosidl_typesupport_cpp.dir/rosidl_typesupport_cpp/vd_msgs/msg/v_dstate__type_support.cpp.o[0m
[2.902s] /usr/bin/c++ -DRCUTILS_ENABLE_FAULT_INJECTION -DROSIDL_TYPESUPPORT_CPP_BUILDING_DLL -DROS_PACKAGE_NAME=\"vd_msgs\" -I/home/swati/Motion_Planning/MP_for_AV/src/MP_for_AV/build/vd_msgs/rosidl_generator_cpp -isystem /opt/ros/humble/include/std_msgs -isystem /opt/ros/humble/include/builtin_interfaces -isystem /opt/ros/humble/include/rosidl_runtime_cpp -isystem /opt/ros/humble/include/rosidl_runtime_c -isystem /opt/ros/humble/include/rcutils -isystem /opt/ros/humble/include/rosidl_typesupport_interface -isystem /opt/ros/humble/include/rosidl_typesupport_cpp -isystem /opt/ros/humble/include/rosidl_typesupport_c -std=gnu++14 -fPIC -Wall -Wextra -Wpedantic -MD -MT CMakeFiles/vd_msgs__rosidl_typesupport_cpp.dir/rosidl_typesupport_cpp/vd_msgs/msg/v_dstate__type_support.cpp.o -MF CMakeFiles/vd_msgs__rosidl_typesupport_cpp.dir/rosidl_typesupport_cpp/vd_msgs/msg/v_dstate__type_support.cpp.o.d -o CMakeFiles/vd_msgs__rosidl_typesupport_cpp.dir/rosidl_typesupport_cpp/vd_msgs/msg/v_dstate__type_support.cpp.o -c /home/swati/Motion_Planning/MP_for_AV/src/MP_for_AV/build/vd_msgs/rosidl_typesupport_cpp/vd_msgs/msg/v_dstate__type_support.cpp
[2.902s] /usr/bin/c++ -DRCUTILS_ENABLE_FAULT_INJECTION -DROSIDL_TYPESUPPORT_CPP_BUILDING_DLL -DROS_PACKAGE_NAME=\"vd_msgs\" -I/home/swati/Motion_Planning/MP_for_AV/src/MP_for_AV/build/vd_msgs/rosidl_generator_cpp -isystem /opt/ros/humble/include/std_msgs -isystem /opt/ros/humble/include/builtin_interfaces -isystem /opt/ros/humble/include/rosidl_runtime_cpp -isystem /opt/ros/humble/include/rosidl_runtime_c -isystem /opt/ros/humble/include/rcutils -isystem /opt/ros/humble/include/rosidl_typesupport_interface -isystem /opt/ros/humble/include/rosidl_typesupport_cpp -isystem /opt/ros/humble/include/rosidl_typesupport_c -std=gnu++14 -fPIC -Wall -Wextra -Wpedantic -MD -MT CMakeFiles/vd_msgs__rosidl_typesupport_cpp.dir/rosidl_typesupport_cpp/vd_msgs/msg/v_dpose__type_support.cpp.o -MF CMakeFiles/vd_msgs__rosidl_typesupport_cpp.dir/rosidl_typesupport_cpp/vd_msgs/msg/v_dpose__type_support.cpp.o.d -o CMakeFiles/vd_msgs__rosidl_typesupport_cpp.dir/rosidl_typesupport_cpp/vd_msgs/msg/v_dpose__type_support.cpp.o -c /home/swati/Motion_Planning/MP_for_AV/src/MP_for_AV/build/vd_msgs/rosidl_typesupport_cpp/vd_msgs/msg/v_dpose__type_support.cpp
[2.903s] [ 25%] [32mBuilding CXX object CMakeFiles/vd_msgs__rosidl_typesupport_cpp.dir/rosidl_typesupport_cpp/vd_msgs/msg/v_dtraj__type_support.cpp.o[0m
[2.903s] [ 25%] [32mBuilding CXX object CMakeFiles/vd_msgs__rosidl_typesupport_cpp.dir/rosidl_typesupport_cpp/vd_msgs/msg/vd_path__type_support.cpp.o[0m
[2.903s] [ 26%] [32mBuilding CXX object CMakeFiles/vd_msgs__rosidl_typesupport_cpp.dir/rosidl_typesupport_cpp/vd_msgs/msg/vd_control_cmd__type_support.cpp.o[0m
[2.904s] [ 27%] [32mBuilding CXX object CMakeFiles/vd_msgs__rosidl_typesupport_cpp.dir/rosidl_typesupport_cpp/vd_msgs/msg/vd_list__type_support.cpp.o[0m
[2.904s] /usr/bin/c++ -DRCUTILS_ENABLE_FAULT_INJECTION -DROSIDL_TYPESUPPORT_CPP_BUILDING_DLL -DROS_PACKAGE_NAME=\"vd_msgs\" -I/home/swati/Motion_Planning/MP_for_AV/src/MP_for_AV/build/vd_msgs/rosidl_generator_cpp -isystem /opt/ros/humble/include/std_msgs -isystem /opt/ros/humble/include/builtin_interfaces -isystem /opt/ros/humble/include/rosidl_runtime_cpp -isystem /opt/ros/humble/include/rosidl_runtime_c -isystem /opt/ros/humble/include/rcutils -isystem /opt/ros/humble/include/rosidl_typesupport_interface -isystem /opt/ros/humble/include/rosidl_typesupport_cpp -isystem /opt/ros/humble/include/rosidl_typesupport_c -std=gnu++14 -fPIC -Wall -Wextra -Wpedantic -MD -MT CMakeFiles/vd_msgs__rosidl_typesupport_cpp.dir/rosidl_typesupport_cpp/vd_msgs/msg/vd_path__type_support.cpp.o -MF CMakeFiles/vd_msgs__rosidl_typesupport_cpp.dir/rosidl_typesupport_cpp/vd_msgs/msg/vd_path__type_support.cpp.o.d -o CMakeFiles/vd_msgs__rosidl_typesupport_cpp.dir/rosidl_typesupport_cpp/vd_msgs/msg/vd_path__type_support.cpp.o -c /home/swati/Motion_Planning/MP_for_AV/src/MP_for_AV/build/vd_msgs/rosidl_typesupport_cpp/vd_msgs/msg/vd_path__type_support.cpp
[2.904s] [ 29%] [32mBuilding CXX object CMakeFiles/vd_msgs__rosidl_typesupport_cpp.dir/rosidl_typesupport_cpp/vd_msgs/srv/planner_srv__type_support.cpp.o[0m
[2.904s] /usr/bin/c++ -DRCUTILS_ENABLE_FAULT_INJECTION -DROSIDL_TYPESUPPORT_CPP_BUILDING_DLL -DROS_PACKAGE_NAME=\"vd_msgs\" -I/home/swati/Motion_Planning/MP_for_AV/src/MP_for_AV/build/vd_msgs/rosidl_generator_cpp -isystem /opt/ros/humble/include/std_msgs -isystem /opt/ros/humble/include/builtin_interfaces -isystem /opt/ros/humble/include/rosidl_runtime_cpp -isystem /opt/ros/humble/include/rosidl_runtime_c -isystem /opt/ros/humble/include/rcutils -isystem /opt/ros/humble/include/rosidl_typesupport_interface -isystem /opt/ros/humble/include/rosidl_typesupport_cpp -isystem /opt/ros/humble/include/rosidl_typesupport_c -std=gnu++14 -fPIC -Wall -Wextra -Wpedantic -MD -MT CMakeFiles/vd_msgs__rosidl_typesupport_cpp.dir/rosidl_typesupport_cpp/vd_msgs/msg/vd_control_cmd__type_support.cpp.o -MF CMakeFiles/vd_msgs__rosidl_typesupport_cpp.dir/rosidl_typesupport_cpp/vd_msgs/msg/vd_control_cmd__type_support.cpp.o.d -o CMakeFiles/vd_msgs__rosidl_typesupport_cpp.dir/rosidl_typesupport_cpp/vd_msgs/msg/vd_control_cmd__type_support.cpp.o -c /home/swati/Motion_Planning/MP_for_AV/src/MP_for_AV/build/vd_msgs/rosidl_typesupport_cpp/vd_msgs/msg/vd_control_cmd__type_support.cpp
[2.904s] /usr/bin/c++ -DRCUTILS_ENABLE_FAULT_INJECTION -DROSIDL_TYPESUPPORT_CPP_BUILDING_DLL -DROS_PACKAGE_NAME=\"vd_msgs\" -I/home/swati/Motion_Planning/MP_for_AV/src/MP_for_AV/build/vd_msgs/rosidl_generator_cpp -isystem /opt/ros/humble/include/std_msgs -isystem /opt/ros/humble/include/builtin_interfaces -isystem /opt/ros/humble/include/rosidl_runtime_cpp -isystem /opt/ros/humble/include/rosidl_runtime_c -isystem /opt/ros/humble/include/rcutils -isystem /opt/ros/humble/include/rosidl_typesupport_interface -isystem /opt/ros/humble/include/rosidl_typesupport_cpp -isystem /opt/ros/humble/include/rosidl_typesupport_c -std=gnu++14 -fPIC -Wall -Wextra -Wpedantic -MD -MT CMakeFiles/vd_msgs__rosidl_typesupport_cpp.dir/rosidl_typesupport_cpp/vd_msgs/msg/v_dtraj__type_support.cpp.o -MF CMakeFiles/vd_msgs__rosidl_typesupport_cpp.dir/rosidl_typesupport_cpp/vd_msgs/msg/v_dtraj__type_support.cpp.o.d -o CMakeFiles/vd_msgs__rosidl_typesupport_cpp.dir/rosidl_typesupport_cpp/vd_msgs/msg/v_dtraj__type_support.cpp.o -c /home/swati/Motion_Planning/MP_for_AV/src/MP_for_AV/build/vd_msgs/rosidl_typesupport_cpp/vd_msgs/msg/v_dtraj__type_support.cpp
[2.904s] /usr/bin/c++ -DRCUTILS_ENABLE_FAULT_INJECTION -DROSIDL_TYPESUPPORT_CPP_BUILDING_DLL -DROS_PACKAGE_NAME=\"vd_msgs\" -I/home/swati/Motion_Planning/MP_for_AV/src/MP_for_AV/build/vd_msgs/rosidl_generator_cpp -isystem /opt/ros/humble/include/std_msgs -isystem /opt/ros/humble/include/builtin_interfaces -isystem /opt/ros/humble/include/rosidl_runtime_cpp -isystem /opt/ros/humble/include/rosidl_runtime_c -isystem /opt/ros/humble/include/rcutils -isystem /opt/ros/humble/include/rosidl_typesupport_interface -isystem /opt/ros/humble/include/rosidl_typesupport_cpp -isystem /opt/ros/humble/include/rosidl_typesupport_c -std=gnu++14 -fPIC -Wall -Wextra -Wpedantic -MD -MT CMakeFiles/vd_msgs__rosidl_typesupport_cpp.dir/rosidl_typesupport_cpp/vd_msgs/msg/vd_list__type_support.cpp.o -MF CMakeFiles/vd_msgs__rosidl_typesupport_cpp.dir/rosidl_typesupport_cpp/vd_msgs/msg/vd_list__type_support.cpp.o.d -o CMakeFiles/vd_msgs__rosidl_typesupport_cpp.dir/rosidl_typesupport_cpp/vd_msgs/msg/vd_list__type_support.cpp.o -c /home/swati/Motion_Planning/MP_for_AV/src/MP_for_AV/build/vd_msgs/rosidl_typesupport_cpp/vd_msgs/msg/vd_list__type_support.cpp
[2.904s] /usr/bin/c++ -DRCUTILS_ENABLE_FAULT_INJECTION -DROSIDL_TYPESUPPORT_CPP_BUILDING_DLL -DROS_PACKAGE_NAME=\"vd_msgs\" -I/home/swati/Motion_Planning/MP_for_AV/src/MP_for_AV/build/vd_msgs/rosidl_generator_cpp -isystem /opt/ros/humble/include/std_msgs -isystem /opt/ros/humble/include/builtin_interfaces -isystem /opt/ros/humble/include/rosidl_runtime_cpp -isystem /opt/ros/humble/include/rosidl_runtime_c -isystem /opt/ros/humble/include/rcutils -isystem /opt/ros/humble/include/rosidl_typesupport_interface -isystem /opt/ros/humble/include/rosidl_typesupport_cpp -isystem /opt/ros/humble/include/rosidl_typesupport_c -std=gnu++14 -fPIC -Wall -Wextra -Wpedantic -MD -MT CMakeFiles/vd_msgs__rosidl_typesupport_cpp.dir/rosidl_typesupport_cpp/vd_msgs/srv/planner_srv__type_support.cpp.o -MF CMakeFiles/vd_msgs__rosidl_typesupport_cpp.dir/rosidl_typesupport_cpp/vd_msgs/srv/planner_srv__type_support.cpp.o.d -o CMakeFiles/vd_msgs__rosidl_typesupport_cpp.dir/rosidl_typesupport_cpp/vd_msgs/srv/planner_srv__type_support.cpp.o -c /home/swati/Motion_Planning/MP_for_AV/src/MP_for_AV/build/vd_msgs/rosidl_typesupport_cpp/vd_msgs/srv/planner_srv__type_support.cpp
[2.936s] cd /home/swati/Motion_Planning/MP_for_AV/src/MP_for_AV/build/vd_msgs && /opt/cmake-3.28.3-linux-x86_64/bin/cmake -E cmake_depends "Unix Makefiles" /home/swati/Motion_Planning/MP_for_AV/src/MP_for_AV/vd_msgs /home/swati/Motion_Planning/MP_for_AV/src/MP_for_AV/vd_msgs /home/swati/Motion_Planning/MP_for_AV/src/MP_for_AV/build/vd_msgs /home/swati/Motion_Planning/MP_for_AV/src/MP_for_AV/build/vd_msgs /home/swati/Motion_Planning/MP_for_AV/src/MP_for_AV/build/vd_msgs/CMakeFiles/vd_msgs__rosidl_typesupport_introspection_cpp.dir/DependInfo.cmake "--color="
[2.939s] gmake[2]: Leaving directory '/home/swati/Motion_Planning/MP_for_AV/src/MP_for_AV/build/vd_msgs'
[2.942s] /usr/bin/gmake  -f CMakeFiles/vd_msgs__rosidl_typesupport_introspection_cpp.dir/build.make CMakeFiles/vd_msgs__rosidl_typesupport_introspection_cpp.dir/build
[2.944s] gmake[2]: Entering directory '/home/swati/Motion_Planning/MP_for_AV/src/MP_for_AV/build/vd_msgs'
[2.947s] [ 31%] [32mBuilding CXX object CMakeFiles/vd_msgs__rosidl_typesupport_introspection_cpp.dir/rosidl_typesupport_introspection_cpp/vd_msgs/msg/detail/v_dpose__type_support.cpp.o[0m
[2.947s] /usr/bin/c++ -DRCUTILS_ENABLE_FAULT_INJECTION -DROSIDL_TYPESUPPORT_INTROSPECTION_CPP_BUILDING_DLL -DROS_PACKAGE_NAME=\"vd_msgs\" -I/home/swati/Motion_Planning/MP_for_AV/src/MP_for_AV/build/vd_msgs/rosidl_typesupport_introspection_cpp -I/home/swati/Motion_Planning/MP_for_AV/src/MP_for_AV/build/vd_msgs/rosidl_generator_cpp -isystem /opt/ros/humble/include/std_msgs -isystem /opt/ros/humble/include/builtin_interfaces -isystem /opt/ros/humble/include/rosidl_runtime_cpp -isystem /opt/ros/humble/include/rosidl_runtime_c -isystem /opt/ros/humble/include/rcutils -isystem /opt/ros/humble/include/rosidl_typesupport_interface -isystem /opt/ros/humble/include/rosidl_typesupport_introspection_cpp -isystem /opt/ros/humble/include/rosidl_typesupport_introspection_c -std=gnu++17 -fPIC -Wall -Wextra -Wpedantic -MD -MT CMakeFiles/vd_msgs__rosidl_typesupport_introspection_cpp.dir/rosidl_typesupport_introspection_cpp/vd_msgs/msg/detail/v_dpose__type_support.cpp.o -MF CMakeFiles/vd_msgs__rosidl_typesupport_introspection_cpp.dir/rosidl_typesupport_introspection_cpp/vd_msgs/msg/detail/v_dpose__type_support.cpp.o.d -o CMakeFiles/vd_msgs__rosidl_typesupport_introspection_cpp.dir/rosidl_typesupport_introspection_cpp/vd_msgs/msg/detail/v_dpose__type_support.cpp.o -c /home/swati/Motion_Planning/MP_for_AV/src/MP_for_AV/build/vd_msgs/rosidl_typesupport_introspection_cpp/vd_msgs/msg/detail/v_dpose__type_support.cpp
[2.948s] [ 34%] [32mBuilding CXX object CMakeFiles/vd_msgs__rosidl_typesupport_introspection_cpp.dir/rosidl_typesupport_introspection_cpp/vd_msgs/msg/detail/vd_control_cmd__type_support.cpp.o[0m
[2.948s] [ 34%] [32mBuilding CXX object CMakeFiles/vd_msgs__rosidl_typesupport_introspection_cpp.dir/rosidl_typesupport_introspection_cpp/vd_msgs/msg/detail/vd_path__type_support.cpp.o[0m
[2.948s] /usr/bin/c++ -DRCUTILS_ENABLE_FAULT_INJECTION -DROSIDL_TYPESUPPORT_INTROSPECTION_CPP_BUILDING_DLL -DROS_PACKAGE_NAME=\"vd_msgs\" -I/home/swati/Motion_Planning/MP_for_AV/src/MP_for_AV/build/vd_msgs/rosidl_typesupport_introspection_cpp -I/home/swati/Motion_Planning/MP_for_AV/src/MP_for_AV/build/vd_msgs/rosidl_generator_cpp -isystem /opt/ros/humble/include/std_msgs -isystem /opt/ros/humble/include/builtin_interfaces -isystem /opt/ros/humble/include/rosidl_runtime_cpp -isystem /opt/ros/humble/include/rosidl_runtime_c -isystem /opt/ros/humble/include/rcutils -isystem /opt/ros/humble/include/rosidl_typesupport_interface -isystem /opt/ros/humble/include/rosidl_typesupport_introspection_cpp -isystem /opt/ros/humble/include/rosidl_typesupport_introspection_c -std=gnu++17 -fPIC -Wall -Wextra -Wpedantic -MD -MT CMakeFiles/vd_msgs__rosidl_typesupport_introspection_cpp.dir/rosidl_typesupport_introspection_cpp/vd_msgs/msg/detail/vd_control_cmd__type_support.cpp.o -MF CMakeFiles/vd_msgs__rosidl_typesupport_introspection_cpp.dir/rosidl_typesupport_introspection_cpp/vd_msgs/msg/detail/vd_control_cmd__type_support.cpp.o.d -o CMakeFiles/vd_msgs__rosidl_typesupport_introspection_cpp.dir/rosidl_typesupport_introspection_cpp/vd_msgs/msg/detail/vd_control_cmd__type_support.cpp.o -c /home/swati/Motion_Planning/MP_for_AV/src/MP_for_AV/build/vd_msgs/rosidl_typesupport_introspection_cpp/vd_msgs/msg/detail/vd_control_cmd__type_support.cpp
[2.948s] [ 35%] [32mBuilding CXX object CMakeFiles/vd_msgs__rosidl_typesupport_introspection_cpp.dir/rosidl_typesupport_introspection_cpp/vd_msgs/msg/detail/v_dtraj__type_support.cpp.o[0m
[2.949s] [ 35%] [32mBuilding CXX object CMakeFiles/vd_msgs__rosidl_typesupport_introspection_cpp.dir/rosidl_typesupport_introspection_cpp/vd_msgs/msg/detail/v_dstate__type_support.cpp.o[0m
[2.950s] [ 36%] [32mBuilding CXX object CMakeFiles/vd_msgs__rosidl_typesupport_introspection_cpp.dir/rosidl_typesupport_introspection_cpp/vd_msgs/msg/detail/vd_list__type_support.cpp.o[0m
[2.950s] [ 37%] [32mBuilding CXX object CMakeFiles/vd_msgs__rosidl_typesupport_introspection_cpp.dir/rosidl_typesupport_introspection_cpp/vd_msgs/srv/detail/planner_srv__type_support.cpp.o[0m
[2.950s] /usr/bin/c++ -DRCUTILS_ENABLE_FAULT_INJECTION -DROSIDL_TYPESUPPORT_INTROSPECTION_CPP_BUILDING_DLL -DROS_PACKAGE_NAME=\"vd_msgs\" -I/home/swati/Motion_Planning/MP_for_AV/src/MP_for_AV/build/vd_msgs/rosidl_typesupport_introspection_cpp -I/home/swati/Motion_Planning/MP_for_AV/src/MP_for_AV/build/vd_msgs/rosidl_generator_cpp -isystem /opt/ros/humble/include/std_msgs -isystem /opt/ros/humble/include/builtin_interfaces -isystem /opt/ros/humble/include/rosidl_runtime_cpp -isystem /opt/ros/humble/include/rosidl_runtime_c -isystem /opt/ros/humble/include/rcutils -isystem /opt/ros/humble/include/rosidl_typesupport_interface -isystem /opt/ros/humble/include/rosidl_typesupport_introspection_cpp -isystem /opt/ros/humble/include/rosidl_typesupport_introspection_c -std=gnu++17 -fPIC -Wall -Wextra -Wpedantic -MD -MT CMakeFiles/vd_msgs__rosidl_typesupport_introspection_cpp.dir/rosidl_typesupport_introspection_cpp/vd_msgs/msg/detail/v_dstate__type_support.cpp.o -MF CMakeFiles/vd_msgs__rosidl_typesupport_introspection_cpp.dir/rosidl_typesupport_introspection_cpp/vd_msgs/msg/detail/v_dstate__type_support.cpp.o.d -o CMakeFiles/vd_msgs__rosidl_typesupport_introspection_cpp.dir/rosidl_typesupport_introspection_cpp/vd_msgs/msg/detail/v_dstate__type_support.cpp.o -c /home/swati/Motion_Planning/MP_for_AV/src/MP_for_AV/build/vd_msgs/rosidl_typesupport_introspection_cpp/vd_msgs/msg/detail/v_dstate__type_support.cpp
[2.950s] /usr/bin/c++ -DRCUTILS_ENABLE_FAULT_INJECTION -DROSIDL_TYPESUPPORT_INTROSPECTION_CPP_BUILDING_DLL -DROS_PACKAGE_NAME=\"vd_msgs\" -I/home/swati/Motion_Planning/MP_for_AV/src/MP_for_AV/build/vd_msgs/rosidl_typesupport_introspection_cpp -I/home/swati/Motion_Planning/MP_for_AV/src/MP_for_AV/build/vd_msgs/rosidl_generator_cpp -isystem /opt/ros/humble/include/std_msgs -isystem /opt/ros/humble/include/builtin_interfaces -isystem /opt/ros/humble/include/rosidl_runtime_cpp -isystem /opt/ros/humble/include/rosidl_runtime_c -isystem /opt/ros/humble/include/rcutils -isystem /opt/ros/humble/include/rosidl_typesupport_interface -isystem /opt/ros/humble/include/rosidl_typesupport_introspection_cpp -isystem /opt/ros/humble/include/rosidl_typesupport_introspection_c -std=gnu++17 -fPIC -Wall -Wextra -Wpedantic -MD -MT CMakeFiles/vd_msgs__rosidl_typesupport_introspection_cpp.dir/rosidl_typesupport_introspection_cpp/vd_msgs/msg/detail/v_dtraj__type_support.cpp.o -MF CMakeFiles/vd_msgs__rosidl_typesupport_introspection_cpp.dir/rosidl_typesupport_introspection_cpp/vd_msgs/msg/detail/v_dtraj__type_support.cpp.o.d -o CMakeFiles/vd_msgs__rosidl_typesupport_introspection_cpp.dir/rosidl_typesupport_introspection_cpp/vd_msgs/msg/detail/v_dtraj__type_support.cpp.o -c /home/swati/Motion_Planning/MP_for_AV/src/MP_for_AV/build/vd_msgs/rosidl_typesupport_introspection_cpp/vd_msgs/msg/detail/v_dtraj__type_support.cpp
[2.950s] /usr/bin/c++ -DRCUTILS_ENABLE_FAULT_INJECTION -DROSIDL_TYPESUPPORT_INTROSPECTION_CPP_BUILDING_DLL -DROS_PACKAGE_NAME=\"vd_msgs\" -I/home/swati/Motion_Planning/MP_for_AV/src/MP_for_AV/build/vd_msgs/rosidl_typesupport_introspection_cpp -I/home/swati/Motion_Planning/MP_for_AV/src/MP_for_AV/build/vd_msgs/rosidl_generator_cpp -isystem /opt/ros/humble/include/std_msgs -isystem /opt/ros/humble/include/builtin_interfaces -isystem /opt/ros/humble/include/rosidl_runtime_cpp -isystem /opt/ros/humble/include/rosidl_runtime_c -isystem /opt/ros/humble/include/rcutils -isystem /opt/ros/humble/include/rosidl_typesupport_interface -isystem /opt/ros/humble/include/rosidl_typesupport_introspection_cpp -isystem /opt/ros/humble/include/rosidl_typesupport_introspection_c -std=gnu++17 -fPIC -Wall -Wextra -Wpedantic -MD -MT CMakeFiles/vd_msgs__rosidl_typesupport_introspection_cpp.dir/rosidl_typesupport_introspection_cpp/vd_msgs/msg/detail/vd_path__type_support.cpp.o -MF CMakeFiles/vd_msgs__rosidl_typesupport_introspection_cpp.dir/rosidl_typesupport_introspection_cpp/vd_msgs/msg/detail/vd_path__type_support.cpp.o.d -o CMakeFiles/vd_msgs__rosidl_typesupport_introspection_cpp.dir/rosidl_typesupport_introspection_cpp/vd_msgs/msg/detail/vd_path__type_support.cpp.o -c /home/swati/Motion_Planning/MP_for_AV/src/MP_for_AV/build/vd_msgs/rosidl_typesupport_introspection_cpp/vd_msgs/msg/detail/vd_path__type_support.cpp
[2.954s] /usr/bin/c++ -DRCUTILS_ENABLE_FAULT_INJECTION -DROSIDL_TYPESUPPORT_INTROSPECTION_CPP_BUILDING_DLL -DROS_PACKAGE_NAME=\"vd_msgs\" -I/home/swati/Motion_Planning/MP_for_AV/src/MP_for_AV/build/vd_msgs/rosidl_typesupport_introspection_cpp -I/home/swati/Motion_Planning/MP_for_AV/src/MP_for_AV/build/vd_msgs/rosidl_generator_cpp -isystem /opt/ros/humble/include/std_msgs -isystem /opt/ros/humble/include/builtin_interfaces -isystem /opt/ros/humble/include/rosidl_runtime_cpp -isystem /opt/ros/humble/include/rosidl_runtime_c -isystem /opt/ros/humble/include/rcutils -isystem /opt/ros/humble/include/rosidl_typesupport_interface -isystem /opt/ros/humble/include/rosidl_typesupport_introspection_cpp -isystem /opt/ros/humble/include/rosidl_typesupport_introspection_c -std=gnu++17 -fPIC -Wall -Wextra -Wpedantic -MD -MT CMakeFiles/vd_msgs__rosidl_typesupport_introspection_cpp.dir/rosidl_typesupport_introspection_cpp/vd_msgs/msg/detail/vd_list__type_support.cpp.o -MF CMakeFiles/vd_msgs__rosidl_typesupport_introspection_cpp.dir/rosidl_typesupport_introspection_cpp/vd_msgs/msg/detail/vd_list__type_support.cpp.o.d -o CMakeFiles/vd_msgs__rosidl_typesupport_introspection_cpp.dir/rosidl_typesupport_introspection_cpp/vd_msgs/msg/detail/vd_list__type_support.cpp.o -c /home/swati/Motion_Planning/MP_for_AV/src/MP_for_AV/build/vd_msgs/rosidl_typesupport_introspection_cpp/vd_msgs/msg/detail/vd_list__type_support.cpp
[2.956s] /usr/bin/c++ -DRCUTILS_ENABLE_FAULT_INJECTION -DROSIDL_TYPESUPPORT_INTROSPECTION_CPP_BUILDING_DLL -DROS_PACKAGE_NAME=\"vd_msgs\" -I/home/swati/Motion_Planning/MP_for_AV/src/MP_for_AV/build/vd_msgs/rosidl_typesupport_introspection_cpp -I/home/swati/Motion_Planning/MP_for_AV/src/MP_for_AV/build/vd_msgs/rosidl_generator_cpp -isystem /opt/ros/humble/include/std_msgs -isystem /opt/ros/humble/include/builtin_interfaces -isystem /opt/ros/humble/include/rosidl_runtime_cpp -isystem /opt/ros/humble/include/rosidl_runtime_c -isystem /opt/ros/humble/include/rcutils -isystem /opt/ros/humble/include/rosidl_typesupport_interface -isystem /opt/ros/humble/include/rosidl_typesupport_introspection_cpp -isystem /opt/ros/humble/include/rosidl_typesupport_introspection_c -std=gnu++17 -fPIC -Wall -Wextra -Wpedantic -MD -MT CMakeFiles/vd_msgs__rosidl_typesupport_introspection_cpp.dir/rosidl_typesupport_introspection_cpp/vd_msgs/srv/detail/planner_srv__type_support.cpp.o -MF CMakeFiles/vd_msgs__rosidl_typesupport_introspection_cpp.dir/rosidl_typesupport_introspection_cpp/vd_msgs/srv/detail/planner_srv__type_support.cpp.o.d -o CMakeFiles/vd_msgs__rosidl_typesupport_introspection_cpp.dir/rosidl_typesupport_introspection_cpp/vd_msgs/srv/detail/planner_srv__type_support.cpp.o -c /home/swati/Motion_Planning/MP_for_AV/src/MP_for_AV/build/vd_msgs/rosidl_typesupport_introspection_cpp/vd_msgs/srv/detail/planner_srv__type_support.cpp
[3.179s] cd /home/swati/Motion_Planning/MP_for_AV/src/MP_for_AV/build/vd_msgs && /opt/cmake-3.28.3-linux-x86_64/bin/cmake -E cmake_depends "Unix Makefiles" /home/swati/Motion_Planning/MP_for_AV/src/MP_for_AV/vd_msgs /home/swati/Motion_Planning/MP_for_AV/src/MP_for_AV/vd_msgs /home/swati/Motion_Planning/MP_for_AV/src/MP_for_AV/build/vd_msgs /home/swati/Motion_Planning/MP_for_AV/src/MP_for_AV/build/vd_msgs /home/swati/Motion_Planning/MP_for_AV/src/MP_for_AV/build/vd_msgs/CMakeFiles/vd_msgs__rosidl_typesupport_introspection_c.dir/DependInfo.cmake "--color="
[3.181s] gmake[2]: Leaving directory '/home/swati/Motion_Planning/MP_for_AV/src/MP_for_AV/build/vd_msgs'
[3.182s] /usr/bin/gmake  -f CMakeFiles/vd_msgs__rosidl_typesupport_introspection_c.dir/build.make CMakeFiles/vd_msgs__rosidl_typesupport_introspection_c.dir/build
[3.183s] gmake[2]: Entering directory '/home/swati/Motion_Planning/MP_for_AV/src/MP_for_AV/build/vd_msgs'
[3.186s] [ 40%] [32mBuilding C object CMakeFiles/vd_msgs__rosidl_typesupport_introspection_c.dir/rosidl_typesupport_introspection_c/vd_msgs/msg/detail/v_dstate__type_support.c.o[0m
[3.187s] [ 41%] [32mBuilding C object CMakeFiles/vd_msgs__rosidl_typesupport_introspection_c.dir/rosidl_typesupport_introspection_c/vd_msgs/msg/detail/v_dtraj__type_support.c.o[0m
[3.187s] [ 43%] [32mBuilding C object CMakeFiles/vd_msgs__rosidl_typesupport_introspection_c.dir/rosidl_typesupport_introspection_c/vd_msgs/msg/detail/vd_control_cmd__type_support.c.o[0m
[3.187s] [ 44%] [32mBuilding C object CMakeFiles/vd_msgs__rosidl_typesupport_introspection_c.dir/rosidl_typesupport_introspection_c/vd_msgs/msg/detail/vd_path__type_support.c.o[0m
[3.187s] /usr/bin/cc -DRCUTILS_ENABLE_FAULT_INJECTION -DROSIDL_TYPESUPPORT_INTROSPECTION_C_BUILDING_DLL_vd_msgs -DROS_PACKAGE_NAME=\"vd_msgs\" -I/home/swati/Motion_Planning/MP_for_AV/src/MP_for_AV/build/vd_msgs/rosidl_typesupport_introspection_c -I/home/swati/Motion_Planning/MP_for_AV/src/MP_for_AV/build/vd_msgs/rosidl_generator_c -isystem /opt/ros/humble/include/std_msgs -isystem /opt/ros/humble/include/builtin_interfaces -isystem /opt/ros/humble/include/rosidl_runtime_c -isystem /opt/ros/humble/include/rcutils -isystem /opt/ros/humble/include/rosidl_typesupport_interface -isystem /opt/ros/humble/include/rosidl_typesupport_introspection_c -std=gnu11 -fPIC -Wall -MD -MT CMakeFiles/vd_msgs__rosidl_typesupport_introspection_c.dir/rosidl_typesupport_introspection_c/vd_msgs/msg/detail/v_dstate__type_support.c.o -MF CMakeFiles/vd_msgs__rosidl_typesupport_introspection_c.dir/rosidl_typesupport_introspection_c/vd_msgs/msg/detail/v_dstate__type_support.c.o.d -o CMakeFiles/vd_msgs__rosidl_typesupport_introspection_c.dir/rosidl_typesupport_introspection_c/vd_msgs/msg/detail/v_dstate__type_support.c.o -c /home/swati/Motion_Planning/MP_for_AV/src/MP_for_AV/build/vd_msgs/rosidl_typesupport_introspection_c/vd_msgs/msg/detail/v_dstate__type_support.c
[3.189s] /usr/bin/cc -DRCUTILS_ENABLE_FAULT_INJECTION -DROSIDL_TYPESUPPORT_INTROSPECTION_C_BUILDING_DLL_vd_msgs -DROS_PACKAGE_NAME=\"vd_msgs\" -I/home/swati/Motion_Planning/MP_for_AV/src/MP_for_AV/build/vd_msgs/rosidl_typesupport_introspection_c -I/home/swati/Motion_Planning/MP_for_AV/src/MP_for_AV/build/vd_msgs/rosidl_generator_c -isystem /opt/ros/humble/include/std_msgs -isystem /opt/ros/humble/include/builtin_interfaces -isystem /opt/ros/humble/include/rosidl_runtime_c -isystem /opt/ros/humble/include/rcutils -isystem /opt/ros/humble/include/rosidl_typesupport_interface -isystem /opt/ros/humble/include/rosidl_typesupport_introspection_c -std=gnu11 -fPIC -Wall -MD -MT CMakeFiles/vd_msgs__rosidl_typesupport_introspection_c.dir/rosidl_typesupport_introspection_c/vd_msgs/msg/detail/v_dtraj__type_support.c.o -MF CMakeFiles/vd_msgs__rosidl_typesupport_introspection_c.dir/rosidl_typesupport_introspection_c/vd_msgs/msg/detail/v_dtraj__type_support.c.o.d -o CMakeFiles/vd_msgs__rosidl_typesupport_introspection_c.dir/rosidl_typesupport_introspection_c/vd_msgs/msg/detail/v_dtraj__type_support.c.o -c /home/swati/Motion_Planning/MP_for_AV/src/MP_for_AV/build/vd_msgs/rosidl_typesupport_introspection_c/vd_msgs/msg/detail/v_dtraj__type_support.c
[3.189s] [ 44%] [32mBuilding C object CMakeFiles/vd_msgs__rosidl_typesupport_introspection_c.dir/rosidl_typesupport_introspection_c/vd_msgs/msg/detail/v_dpose__type_support.c.o[0m
[3.189s] /usr/bin/cc -DRCUTILS_ENABLE_FAULT_INJECTION -DROSIDL_TYPESUPPORT_INTROSPECTION_C_BUILDING_DLL_vd_msgs -DROS_PACKAGE_NAME=\"vd_msgs\" -I/home/swati/Motion_Planning/MP_for_AV/src/MP_for_AV/build/vd_msgs/rosidl_typesupport_introspection_c -I/home/swati/Motion_Planning/MP_for_AV/src/MP_for_AV/build/vd_msgs/rosidl_generator_c -isystem /opt/ros/humble/include/std_msgs -isystem /opt/ros/humble/include/builtin_interfaces -isystem /opt/ros/humble/include/rosidl_runtime_c -isystem /opt/ros/humble/include/rcutils -isystem /opt/ros/humble/include/rosidl_typesupport_interface -isystem /opt/ros/humble/include/rosidl_typesupport_introspection_c -std=gnu11 -fPIC -Wall -MD -MT CMakeFiles/vd_msgs__rosidl_typesupport_introspection_c.dir/rosidl_typesupport_introspection_c/vd_msgs/msg/detail/vd_control_cmd__type_support.c.o -MF CMakeFiles/vd_msgs__rosidl_typesupport_introspection_c.dir/rosidl_typesupport_introspection_c/vd_msgs/msg/detail/vd_control_cmd__type_support.c.o.d -o CMakeFiles/vd_msgs__rosidl_typesupport_introspection_c.dir/rosidl_typesupport_introspection_c/vd_msgs/msg/detail/vd_control_cmd__type_support.c.o -c /home/swati/Motion_Planning/MP_for_AV/src/MP_for_AV/build/vd_msgs/rosidl_typesupport_introspection_c/vd_msgs/msg/detail/vd_control_cmd__type_support.c
[3.189s] /usr/bin/cc -DRCUTILS_ENABLE_FAULT_INJECTION -DROSIDL_TYPESUPPORT_INTROSPECTION_C_BUILDING_DLL_vd_msgs -DROS_PACKAGE_NAME=\"vd_msgs\" -I/home/swati/Motion_Planning/MP_for_AV/src/MP_for_AV/build/vd_msgs/rosidl_typesupport_introspection_c -I/home/swati/Motion_Planning/MP_for_AV/src/MP_for_AV/build/vd_msgs/rosidl_generator_c -isystem /opt/ros/humble/include/std_msgs -isystem /opt/ros/humble/include/builtin_interfaces -isystem /opt/ros/humble/include/rosidl_runtime_c -isystem /opt/ros/humble/include/rcutils -isystem /opt/ros/humble/include/rosidl_typesupport_interface -isystem /opt/ros/humble/include/rosidl_typesupport_introspection_c -std=gnu11 -fPIC -Wall -MD -MT CMakeFiles/vd_msgs__rosidl_typesupport_introspection_c.dir/rosidl_typesupport_introspection_c/vd_msgs/msg/detail/vd_path__type_support.c.o -MF CMakeFiles/vd_msgs__rosidl_typesupport_introspection_c.dir/rosidl_typesupport_introspection_c/vd_msgs/msg/detail/vd_path__type_support.c.o.d -o CMakeFiles/vd_msgs__rosidl_typesupport_introspection_c.dir/rosidl_typesupport_introspection_c/vd_msgs/msg/detail/vd_path__type_support.c.o -c /home/swati/Motion_Planning/MP_for_AV/src/MP_for_AV/build/vd_msgs/rosidl_typesupport_introspection_c/vd_msgs/msg/detail/vd_path__type_support.c
[3.191s] /usr/bin/cc -DRCUTILS_ENABLE_FAULT_INJECTION -DROSIDL_TYPESUPPORT_INTROSPECTION_C_BUILDING_DLL_vd_msgs -DROS_PACKAGE_NAME=\"vd_msgs\" -I/home/swati/Motion_Planning/MP_for_AV/src/MP_for_AV/build/vd_msgs/rosidl_typesupport_introspection_c -I/home/swati/Motion_Planning/MP_for_AV/src/MP_for_AV/build/vd_msgs/rosidl_generator_c -isystem /opt/ros/humble/include/std_msgs -isystem /opt/ros/humble/include/builtin_interfaces -isystem /opt/ros/humble/include/rosidl_runtime_c -isystem /opt/ros/humble/include/rcutils -isystem /opt/ros/humble/include/rosidl_typesupport_interface -isystem /opt/ros/humble/include/rosidl_typesupport_introspection_c -std=gnu11 -fPIC -Wall -MD -MT CMakeFiles/vd_msgs__rosidl_typesupport_introspection_c.dir/rosidl_typesupport_introspection_c/vd_msgs/msg/detail/v_dpose__type_support.c.o -MF CMakeFiles/vd_msgs__rosidl_typesupport_introspection_c.dir/rosidl_typesupport_introspection_c/vd_msgs/msg/detail/v_dpose__type_support.c.o.d -o CMakeFiles/vd_msgs__rosidl_typesupport_introspection_c.dir/rosidl_typesupport_introspection_c/vd_msgs/msg/detail/v_dpose__type_support.c.o -c /home/swati/Motion_Planning/MP_for_AV/src/MP_for_AV/build/vd_msgs/rosidl_typesupport_introspection_c/vd_msgs/msg/detail/v_dpose__type_support.c
[3.191s] [ 45%] [32mBuilding C object CMakeFiles/vd_msgs__rosidl_typesupport_introspection_c.dir/rosidl_typesupport_introspection_c/vd_msgs/msg/detail/vd_list__type_support.c.o[0m
[3.191s] [ 46%] [32mBuilding C object CMakeFiles/vd_msgs__rosidl_typesupport_introspection_c.dir/rosidl_typesupport_introspection_c/vd_msgs/srv/detail/planner_srv__type_support.c.o[0m
[3.194s] /usr/bin/cc -DRCUTILS_ENABLE_FAULT_INJECTION -DROSIDL_TYPESUPPORT_INTROSPECTION_C_BUILDING_DLL_vd_msgs -DROS_PACKAGE_NAME=\"vd_msgs\" -I/home/swati/Motion_Planning/MP_for_AV/src/MP_for_AV/build/vd_msgs/rosidl_typesupport_introspection_c -I/home/swati/Motion_Planning/MP_for_AV/src/MP_for_AV/build/vd_msgs/rosidl_generator_c -isystem /opt/ros/humble/include/std_msgs -isystem /opt/ros/humble/include/builtin_interfaces -isystem /opt/ros/humble/include/rosidl_runtime_c -isystem /opt/ros/humble/include/rcutils -isystem /opt/ros/humble/include/rosidl_typesupport_interface -isystem /opt/ros/humble/include/rosidl_typesupport_introspection_c -std=gnu11 -fPIC -Wall -MD -MT CMakeFiles/vd_msgs__rosidl_typesupport_introspection_c.dir/rosidl_typesupport_introspection_c/vd_msgs/msg/detail/vd_list__type_support.c.o -MF CMakeFiles/vd_msgs__rosidl_typesupport_introspection_c.dir/rosidl_typesupport_introspection_c/vd_msgs/msg/detail/vd_list__type_support.c.o.d -o CMakeFiles/vd_msgs__rosidl_typesupport_introspection_c.dir/rosidl_typesupport_introspection_c/vd_msgs/msg/detail/vd_list__type_support.c.o -c /home/swati/Motion_Planning/MP_for_AV/src/MP_for_AV/build/vd_msgs/rosidl_typesupport_introspection_c/vd_msgs/msg/detail/vd_list__type_support.c
[3.201s] /usr/bin/cc -DRCUTILS_ENABLE_FAULT_INJECTION -DROSIDL_TYPESUPPORT_INTROSPECTION_C_BUILDING_DLL_vd_msgs -DROS_PACKAGE_NAME=\"vd_msgs\" -I/home/swati/Motion_Planning/MP_for_AV/src/MP_for_AV/build/vd_msgs/rosidl_typesupport_introspection_c -I/home/swati/Motion_Planning/MP_for_AV/src/MP_for_AV/build/vd_msgs/rosidl_generator_c -isystem /opt/ros/humble/include/std_msgs -isystem /opt/ros/humble/include/builtin_interfaces -isystem /opt/ros/humble/include/rosidl_runtime_c -isystem /opt/ros/humble/include/rcutils -isystem /opt/ros/humble/include/rosidl_typesupport_interface -isystem /opt/ros/humble/include/rosidl_typesupport_introspection_c -std=gnu11 -fPIC -Wall -MD -MT CMakeFiles/vd_msgs__rosidl_typesupport_introspection_c.dir/rosidl_typesupport_introspection_c/vd_msgs/srv/detail/planner_srv__type_support.c.o -MF CMakeFiles/vd_msgs__rosidl_typesupport_introspection_c.dir/rosidl_typesupport_introspection_c/vd_msgs/srv/detail/planner_srv__type_support.c.o.d -o CMakeFiles/vd_msgs__rosidl_typesupport_introspection_c.dir/rosidl_typesupport_introspection_c/vd_msgs/srv/detail/planner_srv__type_support.c.o -c /home/swati/Motion_Planning/MP_for_AV/src/MP_for_AV/build/vd_msgs/rosidl_typesupport_introspection_c/vd_msgs/srv/detail/planner_srv__type_support.c
[3.207s] cd /home/swati/Motion_Planning/MP_for_AV/src/MP_for_AV/build/vd_msgs && /opt/cmake-3.28.3-linux-x86_64/bin/cmake -E cmake_depends "Unix Makefiles" /home/swati/Motion_Planning/MP_for_AV/src/MP_for_AV/vd_msgs /home/swati/Motion_Planning/MP_for_AV/src/MP_for_AV/vd_msgs /home/swati/Motion_Planning/MP_for_AV/src/MP_for_AV/build/vd_msgs /home/swati/Motion_Planning/MP_for_AV/src/MP_for_AV/build/vd_msgs /home/swati/Motion_Planning/MP_for_AV/src/MP_for_AV/build/vd_msgs/CMakeFiles/vd_msgs__rosidl_typesupport_c.dir/DependInfo.cmake "--color="
[3.210s] gmake[2]: Leaving directory '/home/swati/Motion_Planning/MP_for_AV/src/MP_for_AV/build/vd_msgs'
[3.211s] /usr/bin/gmake  -f CMakeFiles/vd_msgs__rosidl_typesupport_c.dir/build.make CMakeFiles/vd_msgs__rosidl_typesupport_c.dir/build
[3.212s] gmake[2]: Entering directory '/home/swati/Motion_Planning/MP_for_AV/src/MP_for_AV/build/vd_msgs'
[3.216s] [ 49%] [32mBuilding CXX object CMakeFiles/vd_msgs__rosidl_typesupport_c.dir/rosidl_typesupport_c/vd_msgs/msg/v_dstate__type_support.cpp.o[0m
[3.216s] [ 49%] [32mBuilding CXX object CMakeFiles/vd_msgs__rosidl_typesupport_c.dir/rosidl_typesupport_c/vd_msgs/msg/v_dpose__type_support.cpp.o[0m
[3.216s] /usr/bin/c++ -DRCUTILS_ENABLE_FAULT_INJECTION -DROSIDL_GENERATOR_C_BUILDING_DLL_vd_msgs -DROS_PACKAGE_NAME=\"vd_msgs\" -I/home/swati/Motion_Planning/MP_for_AV/src/MP_for_AV/build/vd_msgs/rosidl_generator_c -isystem /opt/ros/humble/include/std_msgs -isystem /opt/ros/humble/include/builtin_interfaces -isystem /opt/ros/humble/include/rosidl_runtime_c -isystem /opt/ros/humble/include/rcutils -isystem /opt/ros/humble/include/rosidl_typesupport_interface -isystem /opt/ros/humble/include/rosidl_typesupport_c -std=gnu++14 -fPIC -Wall -MD -MT CMakeFiles/vd_msgs__rosidl_typesupport_c.dir/rosidl_typesupport_c/vd_msgs/msg/v_dpose__type_support.cpp.o -MF CMakeFiles/vd_msgs__rosidl_typesupport_c.dir/rosidl_typesupport_c/vd_msgs/msg/v_dpose__type_support.cpp.o.d -o CMakeFiles/vd_msgs__rosidl_typesupport_c.dir/rosidl_typesupport_c/vd_msgs/msg/v_dpose__type_support.cpp.o -c /home/swati/Motion_Planning/MP_for_AV/src/MP_for_AV/build/vd_msgs/rosidl_typesupport_c/vd_msgs/msg/v_dpose__type_support.cpp
[3.218s] /usr/bin/c++ -DRCUTILS_ENABLE_FAULT_INJECTION -DROSIDL_GENERATOR_C_BUILDING_DLL_vd_msgs -DROS_PACKAGE_NAME=\"vd_msgs\" -I/home/swati/Motion_Planning/MP_for_AV/src/MP_for_AV/build/vd_msgs/rosidl_generator_c -isystem /opt/ros/humble/include/std_msgs -isystem /opt/ros/humble/include/builtin_interfaces -isystem /opt/ros/humble/include/rosidl_runtime_c -isystem /opt/ros/humble/include/rcutils -isystem /opt/ros/humble/include/rosidl_typesupport_interface -isystem /opt/ros/humble/include/rosidl_typesupport_c -std=gnu++14 -fPIC -Wall -MD -MT CMakeFiles/vd_msgs__rosidl_typesupport_c.dir/rosidl_typesupport_c/vd_msgs/msg/v_dstate__type_support.cpp.o -MF CMakeFiles/vd_msgs__rosidl_typesupport_c.dir/rosidl_typesupport_c/vd_msgs/msg/v_dstate__type_support.cpp.o.d -o CMakeFiles/vd_msgs__rosidl_typesupport_c.dir/rosidl_typesupport_c/vd_msgs/msg/v_dstate__type_support.cpp.o -c /home/swati/Motion_Planning/MP_for_AV/src/MP_for_AV/build/vd_msgs/rosidl_typesupport_c/vd_msgs/msg/v_dstate__type_support.cpp
[3.220s] [ 50%] [32mBuilding CXX object CMakeFiles/vd_msgs__rosidl_typesupport_c.dir/rosidl_typesupport_c/vd_msgs/msg/v_dtraj__type_support.cpp.o[0m
[3.221s] cd /home/swati/Motion_Planning/MP_for_AV/src/MP_for_AV/build/vd_msgs && /opt/cmake-3.28.3-linux-x86_64/bin/cmake -E cmake_depends "Unix Makefiles" /home/swati/Motion_Planning/MP_for_AV/src/MP_for_AV/vd_msgs /home/swati/Motion_Planning/MP_for_AV/src/MP_for_AV/vd_msgs /home/swati/Motion_Planning/MP_for_AV/src/MP_for_AV/build/vd_msgs /home/swati/Motion_Planning/MP_for_AV/src/MP_for_AV/build/vd_msgs /home/swati/Motion_Planning/MP_for_AV/src/MP_for_AV/build/vd_msgs/CMakeFiles/vd_msgs__rosidl_typesupport_fastrtps_cpp.dir/DependInfo.cmake "--color="
[3.221s] /usr/bin/c++ -DRCUTILS_ENABLE_FAULT_INJECTION -DROSIDL_GENERATOR_C_BUILDING_DLL_vd_msgs -DROS_PACKAGE_NAME=\"vd_msgs\" -I/home/swati/Motion_Planning/MP_for_AV/src/MP_for_AV/build/vd_msgs/rosidl_generator_c -isystem /opt/ros/humble/include/std_msgs -isystem /opt/ros/humble/include/builtin_interfaces -isystem /opt/ros/humble/include/rosidl_runtime_c -isystem /opt/ros/humble/include/rcutils -isystem /opt/ros/humble/include/rosidl_typesupport_interface -isystem /opt/ros/humble/include/rosidl_typesupport_c -std=gnu++14 -fPIC -Wall -MD -MT CMakeFiles/vd_msgs__rosidl_typesupport_c.dir/rosidl_typesupport_c/vd_msgs/msg/v_dtraj__type_support.cpp.o -MF CMakeFiles/vd_msgs__rosidl_typesupport_c.dir/rosidl_typesupport_c/vd_msgs/msg/v_dtraj__type_support.cpp.o.d -o CMakeFiles/vd_msgs__rosidl_typesupport_c.dir/rosidl_typesupport_c/vd_msgs/msg/v_dtraj__type_support.cpp.o -c /home/swati/Motion_Planning/MP_for_AV/src/MP_for_AV/build/vd_msgs/rosidl_typesupport_c/vd_msgs/msg/v_dtraj__type_support.cpp
[3.225s] [ 53%] [32mBuilding CXX object CMakeFiles/vd_msgs__rosidl_typesupport_c.dir/rosidl_typesupport_c/vd_msgs/msg/vd_list__type_support.cpp.o[0m
[3.225s] [ 53%] [32mBuilding CXX object CMakeFiles/vd_msgs__rosidl_typesupport_c.dir/rosidl_typesupport_c/vd_msgs/msg/vd_control_cmd__type_support.cpp.o[0m
[3.225s] [ 54%] [32mBuilding CXX object CMakeFiles/vd_msgs__rosidl_typesupport_c.dir/rosidl_typesupport_c/vd_msgs/msg/vd_path__type_support.cpp.o[0m
[3.225s] gmake[2]: Leaving directory '/home/swati/Motion_Planning/MP_for_AV/src/MP_for_AV/build/vd_msgs'
[3.225s] /usr/bin/gmake  -f CMakeFiles/vd_msgs__rosidl_typesupport_fastrtps_cpp.dir/build.make CMakeFiles/vd_msgs__rosidl_typesupport_fastrtps_cpp.dir/build
[3.225s] [ 55%] [32mBuilding CXX object CMakeFiles/vd_msgs__rosidl_typesupport_c.dir/rosidl_typesupport_c/vd_msgs/srv/planner_srv__type_support.cpp.o[0m
[3.226s] /usr/bin/c++ -DRCUTILS_ENABLE_FAULT_INJECTION -DROSIDL_GENERATOR_C_BUILDING_DLL_vd_msgs -DROS_PACKAGE_NAME=\"vd_msgs\" -I/home/swati/Motion_Planning/MP_for_AV/src/MP_for_AV/build/vd_msgs/rosidl_generator_c -isystem /opt/ros/humble/include/std_msgs -isystem /opt/ros/humble/include/builtin_interfaces -isystem /opt/ros/humble/include/rosidl_runtime_c -isystem /opt/ros/humble/include/rcutils -isystem /opt/ros/humble/include/rosidl_typesupport_interface -isystem /opt/ros/humble/include/rosidl_typesupport_c -std=gnu++14 -fPIC -Wall -MD -MT CMakeFiles/vd_msgs__rosidl_typesupport_c.dir/rosidl_typesupport_c/vd_msgs/msg/vd_control_cmd__type_support.cpp.o -MF CMakeFiles/vd_msgs__rosidl_typesupport_c.dir/rosidl_typesupport_c/vd_msgs/msg/vd_control_cmd__type_support.cpp.o.d -o CMakeFiles/vd_msgs__rosidl_typesupport_c.dir/rosidl_typesupport_c/vd_msgs/msg/vd_control_cmd__type_support.cpp.o -c /home/swati/Motion_Planning/MP_for_AV/src/MP_for_AV/build/vd_msgs/rosidl_typesupport_c/vd_msgs/msg/vd_control_cmd__type_support.cpp
[3.227s] /usr/bin/c++ -DRCUTILS_ENABLE_FAULT_INJECTION -DROSIDL_GENERATOR_C_BUILDING_DLL_vd_msgs -DROS_PACKAGE_NAME=\"vd_msgs\" -I/home/swati/Motion_Planning/MP_for_AV/src/MP_for_AV/build/vd_msgs/rosidl_generator_c -isystem /opt/ros/humble/include/std_msgs -isystem /opt/ros/humble/include/builtin_interfaces -isystem /opt/ros/humble/include/rosidl_runtime_c -isystem /opt/ros/humble/include/rcutils -isystem /opt/ros/humble/include/rosidl_typesupport_interface -isystem /opt/ros/humble/include/rosidl_typesupport_c -std=gnu++14 -fPIC -Wall -MD -MT CMakeFiles/vd_msgs__rosidl_typesupport_c.dir/rosidl_typesupport_c/vd_msgs/msg/vd_path__type_support.cpp.o -MF CMakeFiles/vd_msgs__rosidl_typesupport_c.dir/rosidl_typesupport_c/vd_msgs/msg/vd_path__type_support.cpp.o.d -o CMakeFiles/vd_msgs__rosidl_typesupport_c.dir/rosidl_typesupport_c/vd_msgs/msg/vd_path__type_support.cpp.o -c /home/swati/Motion_Planning/MP_for_AV/src/MP_for_AV/build/vd_msgs/rosidl_typesupport_c/vd_msgs/msg/vd_path__type_support.cpp
[3.227s] gmake[2]: Entering directory '/home/swati/Motion_Planning/MP_for_AV/src/MP_for_AV/build/vd_msgs'
[3.227s] /usr/bin/c++ -DRCUTILS_ENABLE_FAULT_INJECTION -DROSIDL_GENERATOR_C_BUILDING_DLL_vd_msgs -DROS_PACKAGE_NAME=\"vd_msgs\" -I/home/swati/Motion_Planning/MP_for_AV/src/MP_for_AV/build/vd_msgs/rosidl_generator_c -isystem /opt/ros/humble/include/std_msgs -isystem /opt/ros/humble/include/builtin_interfaces -isystem /opt/ros/humble/include/rosidl_runtime_c -isystem /opt/ros/humble/include/rcutils -isystem /opt/ros/humble/include/rosidl_typesupport_interface -isystem /opt/ros/humble/include/rosidl_typesupport_c -std=gnu++14 -fPIC -Wall -MD -MT CMakeFiles/vd_msgs__rosidl_typesupport_c.dir/rosidl_typesupport_c/vd_msgs/msg/vd_list__type_support.cpp.o -MF CMakeFiles/vd_msgs__rosidl_typesupport_c.dir/rosidl_typesupport_c/vd_msgs/msg/vd_list__type_support.cpp.o.d -o CMakeFiles/vd_msgs__rosidl_typesupport_c.dir/rosidl_typesupport_c/vd_msgs/msg/vd_list__type_support.cpp.o -c /home/swati/Motion_Planning/MP_for_AV/src/MP_for_AV/build/vd_msgs/rosidl_typesupport_c/vd_msgs/msg/vd_list__type_support.cpp
[3.228s] /usr/bin/c++ -DRCUTILS_ENABLE_FAULT_INJECTION -DROSIDL_GENERATOR_C_BUILDING_DLL_vd_msgs -DROS_PACKAGE_NAME=\"vd_msgs\" -I/home/swati/Motion_Planning/MP_for_AV/src/MP_for_AV/build/vd_msgs/rosidl_generator_c -isystem /opt/ros/humble/include/std_msgs -isystem /opt/ros/humble/include/builtin_interfaces -isystem /opt/ros/humble/include/rosidl_runtime_c -isystem /opt/ros/humble/include/rcutils -isystem /opt/ros/humble/include/rosidl_typesupport_interface -isystem /opt/ros/humble/include/rosidl_typesupport_c -std=gnu++14 -fPIC -Wall -MD -MT CMakeFiles/vd_msgs__rosidl_typesupport_c.dir/rosidl_typesupport_c/vd_msgs/srv/planner_srv__type_support.cpp.o -MF CMakeFiles/vd_msgs__rosidl_typesupport_c.dir/rosidl_typesupport_c/vd_msgs/srv/planner_srv__type_support.cpp.o.d -o CMakeFiles/vd_msgs__rosidl_typesupport_c.dir/rosidl_typesupport_c/vd_msgs/srv/planner_srv__type_support.cpp.o -c /home/swati/Motion_Planning/MP_for_AV/src/MP_for_AV/build/vd_msgs/rosidl_typesupport_c/vd_msgs/srv/planner_srv__type_support.cpp
[3.229s] [ 56%] [32mBuilding CXX object CMakeFiles/vd_msgs__rosidl_typesupport_fastrtps_cpp.dir/rosidl_typesupport_fastrtps_cpp/vd_msgs/msg/detail/dds_fastrtps/v_dpose__type_support.cpp.o[0m
[3.231s] /usr/bin/c++ -DRCUTILS_ENABLE_FAULT_INJECTION -DROSIDL_TYPESUPPORT_FASTRTPS_CPP_BUILDING_DLL_vd_msgs -DROS_PACKAGE_NAME=\"vd_msgs\" -I/home/swati/Motion_Planning/MP_for_AV/src/MP_for_AV/build/vd_msgs/rosidl_typesupport_fastrtps_cpp -I/home/swati/Motion_Planning/MP_for_AV/src/MP_for_AV/build/vd_msgs/rosidl_generator_cpp -isystem /opt/ros/humble/include/fastcdr -isystem /opt/ros/humble/include/rmw -isystem /opt/ros/humble/include/rcutils -isystem /opt/ros/humble/include/rosidl_runtime_c -isystem /opt/ros/humble/include/rosidl_typesupport_interface -isystem /opt/ros/humble/include/rosidl_runtime_cpp -isystem /opt/ros/humble/include/rosidl_typesupport_fastrtps_cpp -isystem /opt/ros/humble/include/std_msgs -isystem /opt/ros/humble/include/builtin_interfaces -std=gnu++14 -fPIC -Wall -Wextra -Wpedantic -Wredundant-decls -MD -MT CMakeFiles/vd_msgs__rosidl_typesupport_fastrtps_cpp.dir/rosidl_typesupport_fastrtps_cpp/vd_msgs/msg/detail/dds_fastrtps/v_dpose__type_support.cpp.o -MF CMakeFiles/vd_msgs__rosidl_typesupport_fastrtps_cpp.dir/rosidl_typesupport_fastrtps_cpp/vd_msgs/msg/detail/dds_fastrtps/v_dpose__type_support.cpp.o.d -o CMakeFiles/vd_msgs__rosidl_typesupport_fastrtps_cpp.dir/rosidl_typesupport_fastrtps_cpp/vd_msgs/msg/detail/dds_fastrtps/v_dpose__type_support.cpp.o -c /home/swati/Motion_Planning/MP_for_AV/src/MP_for_AV/build/vd_msgs/rosidl_typesupport_fastrtps_cpp/vd_msgs/msg/detail/dds_fastrtps/v_dpose__type_support.cpp
[3.231s] [ 58%] [32mBuilding CXX object CMakeFiles/vd_msgs__rosidl_typesupport_fastrtps_cpp.dir/rosidl_typesupport_fastrtps_cpp/vd_msgs/msg/detail/dds_fastrtps/v_dstate__type_support.cpp.o[0m
[3.231s] [ 59%] [32mBuilding CXX object CMakeFiles/vd_msgs__rosidl_typesupport_fastrtps_cpp.dir/rosidl_typesupport_fastrtps_cpp/vd_msgs/msg/detail/dds_fastrtps/v_dtraj__type_support.cpp.o[0m
[3.232s] /usr/bin/c++ -DRCUTILS_ENABLE_FAULT_INJECTION -DROSIDL_TYPESUPPORT_FASTRTPS_CPP_BUILDING_DLL_vd_msgs -DROS_PACKAGE_NAME=\"vd_msgs\" -I/home/swati/Motion_Planning/MP_for_AV/src/MP_for_AV/build/vd_msgs/rosidl_typesupport_fastrtps_cpp -I/home/swati/Motion_Planning/MP_for_AV/src/MP_for_AV/build/vd_msgs/rosidl_generator_cpp -isystem /opt/ros/humble/include/fastcdr -isystem /opt/ros/humble/include/rmw -isystem /opt/ros/humble/include/rcutils -isystem /opt/ros/humble/include/rosidl_runtime_c -isystem /opt/ros/humble/include/rosidl_typesupport_interface -isystem /opt/ros/humble/include/rosidl_runtime_cpp -isystem /opt/ros/humble/include/rosidl_typesupport_fastrtps_cpp -isystem /opt/ros/humble/include/std_msgs -isystem /opt/ros/humble/include/builtin_interfaces -std=gnu++14 -fPIC -Wall -Wextra -Wpedantic -Wredundant-decls -MD -MT CMakeFiles/vd_msgs__rosidl_typesupport_fastrtps_cpp.dir/rosidl_typesupport_fastrtps_cpp/vd_msgs/msg/detail/dds_fastrtps/v_dstate__type_support.cpp.o -MF CMakeFiles/vd_msgs__rosidl_typesupport_fastrtps_cpp.dir/rosidl_typesupport_fastrtps_cpp/vd_msgs/msg/detail/dds_fastrtps/v_dstate__type_support.cpp.o.d -o CMakeFiles/vd_msgs__rosidl_typesupport_fastrtps_cpp.dir/rosidl_typesupport_fastrtps_cpp/vd_msgs/msg/detail/dds_fastrtps/v_dstate__type_support.cpp.o -c /home/swati/Motion_Planning/MP_for_AV/src/MP_for_AV/build/vd_msgs/rosidl_typesupport_fastrtps_cpp/vd_msgs/msg/detail/dds_fastrtps/v_dstate__type_support.cpp
[3.232s] /usr/bin/c++ -DRCUTILS_ENABLE_FAULT_INJECTION -DROSIDL_TYPESUPPORT_FASTRTPS_CPP_BUILDING_DLL_vd_msgs -DROS_PACKAGE_NAME=\"vd_msgs\" -I/home/swati/Motion_Planning/MP_for_AV/src/MP_for_AV/build/vd_msgs/rosidl_typesupport_fastrtps_cpp -I/home/swati/Motion_Planning/MP_for_AV/src/MP_for_AV/build/vd_msgs/rosidl_generator_cpp -isystem /opt/ros/humble/include/fastcdr -isystem /opt/ros/humble/include/rmw -isystem /opt/ros/humble/include/rcutils -isystem /opt/ros/humble/include/rosidl_runtime_c -isystem /opt/ros/humble/include/rosidl_typesupport_interface -isystem /opt/ros/humble/include/rosidl_runtime_cpp -isystem /opt/ros/humble/include/rosidl_typesupport_fastrtps_cpp -isystem /opt/ros/humble/include/std_msgs -isystem /opt/ros/humble/include/builtin_interfaces -std=gnu++14 -fPIC -Wall -Wextra -Wpedantic -Wredundant-decls -MD -MT CMakeFiles/vd_msgs__rosidl_typesupport_fastrtps_cpp.dir/rosidl_typesupport_fastrtps_cpp/vd_msgs/msg/detail/dds_fastrtps/v_dtraj__type_support.cpp.o -MF CMakeFiles/vd_msgs__rosidl_typesupport_fastrtps_cpp.dir/rosidl_typesupport_fastrtps_cpp/vd_msgs/msg/detail/dds_fastrtps/v_dtraj__type_support.cpp.o.d -o CMakeFiles/vd_msgs__rosidl_typesupport_fastrtps_cpp.dir/rosidl_typesupport_fastrtps_cpp/vd_msgs/msg/detail/dds_fastrtps/v_dtraj__type_support.cpp.o -c /home/swati/Motion_Planning/MP_for_AV/src/MP_for_AV/build/vd_msgs/rosidl_typesupport_fastrtps_cpp/vd_msgs/msg/detail/dds_fastrtps/v_dtraj__type_support.cpp
[3.234s] [ 60%] [32m[1mLinking CXX shared library libvd_msgs__rosidl_typesupport_cpp.so[0m
[3.234s] /opt/cmake-3.28.3-linux-x86_64/bin/cmake -E cmake_link_script CMakeFiles/vd_msgs__rosidl_typesupport_cpp.dir/link.txt --verbose=1
[3.236s] /usr/bin/c++ -fPIC -shared -Wl,-soname,libvd_msgs__rosidl_typesupport_cpp.so -o libvd_msgs__rosidl_typesupport_cpp.so CMakeFiles/vd_msgs__rosidl_typesupport_cpp.dir/rosidl_typesupport_cpp/vd_msgs/msg/v_dpose__type_support.cpp.o CMakeFiles/vd_msgs__rosidl_typesupport_cpp.dir/rosidl_typesupport_cpp/vd_msgs/msg/v_dstate__type_support.cpp.o CMakeFiles/vd_msgs__rosidl_typesupport_cpp.dir/rosidl_typesupport_cpp/vd_msgs/msg/v_dtraj__type_support.cpp.o CMakeFiles/vd_msgs__rosidl_typesupport_cpp.dir/rosidl_typesupport_cpp/vd_msgs/msg/vd_control_cmd__type_support.cpp.o CMakeFiles/vd_msgs__rosidl_typesupport_cpp.dir/rosidl_typesupport_cpp/vd_msgs/msg/vd_path__type_support.cpp.o CMakeFiles/vd_msgs__rosidl_typesupport_cpp.dir/rosidl_typesupport_cpp/vd_msgs/msg/vd_list__type_support.cpp.o CMakeFiles/vd_msgs__rosidl_typesupport_cpp.dir/rosidl_typesupport_cpp/vd_msgs/srv/planner_srv__type_support.cpp.o  -Wl,-rpath,/opt/ros/humble/lib: /opt/ros/humble/lib/libstd_msgs__rosidl_typesupport_cpp.so /opt/ros/humble/lib/libbuiltin_interfaces__rosidl_typesupport_cpp.so /opt/ros/humble/lib/librosidl_typesupport_cpp.so /opt/ros/humble/lib/librosidl_typesupport_c.so /opt/ros/humble/lib/librosidl_runtime_c.so /opt/ros/humble/lib/librcutils.so -ldl -Wl,-rpath-link,/opt/ros/humble/lib 
[3.239s] [ 62%] [32m[1mLinking C shared library libvd_msgs__rosidl_typesupport_introspection_c.so[0m
[3.241s] /opt/cmake-3.28.3-linux-x86_64/bin/cmake -E cmake_link_script CMakeFiles/vd_msgs__rosidl_typesupport_introspection_c.dir/link.txt --verbose=1
[3.241s] /usr/bin/cc -fPIC -shared -Wl,-soname,libvd_msgs__rosidl_typesupport_introspection_c.so -o libvd_msgs__rosidl_typesupport_introspection_c.so CMakeFiles/vd_msgs__rosidl_typesupport_introspection_c.dir/rosidl_typesupport_introspection_c/vd_msgs/msg/detail/v_dpose__type_support.c.o CMakeFiles/vd_msgs__rosidl_typesupport_introspection_c.dir/rosidl_typesupport_introspection_c/vd_msgs/msg/detail/v_dstate__type_support.c.o CMakeFiles/vd_msgs__rosidl_typesupport_introspection_c.dir/rosidl_typesupport_introspection_c/vd_msgs/msg/detail/v_dtraj__type_support.c.o CMakeFiles/vd_msgs__rosidl_typesupport_introspection_c.dir/rosidl_typesupport_introspection_c/vd_msgs/msg/detail/vd_control_cmd__type_support.c.o CMakeFiles/vd_msgs__rosidl_typesupport_introspection_c.dir/rosidl_typesupport_introspection_c/vd_msgs/msg/detail/vd_path__type_support.c.o CMakeFiles/vd_msgs__rosidl_typesupport_introspection_c.dir/rosidl_typesupport_introspection_c/vd_msgs/msg/detail/vd_list__type_support.c.o CMakeFiles/vd_msgs__rosidl_typesupport_introspection_c.dir/rosidl_typesupport_introspection_c/vd_msgs/srv/detail/planner_srv__type_support.c.o  -Wl,-rpath,/home/swati/Motion_Planning/MP_for_AV/src/MP_for_AV/build/vd_msgs:/opt/ros/humble/lib: libvd_msgs__rosidl_generator_c.so /opt/ros/humble/lib/libstd_msgs__rosidl_typesupport_introspection_c.so /opt/ros/humble/lib/libbuiltin_interfaces__rosidl_typesupport_introspection_c.so /opt/ros/humble/lib/librosidl_typesupport_introspection_c.so /opt/ros/humble/lib/libstd_msgs__rosidl_generator_c.so /opt/ros/humble/lib/libbuiltin_interfaces__rosidl_generator_c.so /opt/ros/humble/lib/librosidl_runtime_c.so /opt/ros/humble/lib/librcutils.so -ldl 
[3.242s] [ 63%] [32mBuilding CXX object CMakeFiles/vd_msgs__rosidl_typesupport_fastrtps_cpp.dir/rosidl_typesupport_fastrtps_cpp/vd_msgs/msg/detail/dds_fastrtps/vd_control_cmd__type_support.cpp.o[0m
[3.246s] /usr/bin/c++ -DRCUTILS_ENABLE_FAULT_INJECTION -DROSIDL_TYPESUPPORT_FASTRTPS_CPP_BUILDING_DLL_vd_msgs -DROS_PACKAGE_NAME=\"vd_msgs\" -I/home/swati/Motion_Planning/MP_for_AV/src/MP_for_AV/build/vd_msgs/rosidl_typesupport_fastrtps_cpp -I/home/swati/Motion_Planning/MP_for_AV/src/MP_for_AV/build/vd_msgs/rosidl_generator_cpp -isystem /opt/ros/humble/include/fastcdr -isystem /opt/ros/humble/include/rmw -isystem /opt/ros/humble/include/rcutils -isystem /opt/ros/humble/include/rosidl_runtime_c -isystem /opt/ros/humble/include/rosidl_typesupport_interface -isystem /opt/ros/humble/include/rosidl_runtime_cpp -isystem /opt/ros/humble/include/rosidl_typesupport_fastrtps_cpp -isystem /opt/ros/humble/include/std_msgs -isystem /opt/ros/humble/include/builtin_interfaces -std=gnu++14 -fPIC -Wall -Wextra -Wpedantic -Wredundant-decls -MD -MT CMakeFiles/vd_msgs__rosidl_typesupport_fastrtps_cpp.dir/rosidl_typesupport_fastrtps_cpp/vd_msgs/msg/detail/dds_fastrtps/vd_control_cmd__type_support.cpp.o -MF CMakeFiles/vd_msgs__rosidl_typesupport_fastrtps_cpp.dir/rosidl_typesupport_fastrtps_cpp/vd_msgs/msg/detail/dds_fastrtps/vd_control_cmd__type_support.cpp.o.d -o CMakeFiles/vd_msgs__rosidl_typesupport_fastrtps_cpp.dir/rosidl_typesupport_fastrtps_cpp/vd_msgs/msg/detail/dds_fastrtps/vd_control_cmd__type_support.cpp.o -c /home/swati/Motion_Planning/MP_for_AV/src/MP_for_AV/build/vd_msgs/rosidl_typesupport_fastrtps_cpp/vd_msgs/msg/detail/dds_fastrtps/vd_control_cmd__type_support.cpp
[3.248s] [ 64%] [32mBuilding CXX object CMakeFiles/vd_msgs__rosidl_typesupport_fastrtps_cpp.dir/rosidl_typesupport_fastrtps_cpp/vd_msgs/msg/detail/dds_fastrtps/vd_path__type_support.cpp.o[0m
[3.248s] /usr/bin/c++ -DRCUTILS_ENABLE_FAULT_INJECTION -DROSIDL_TYPESUPPORT_FASTRTPS_CPP_BUILDING_DLL_vd_msgs -DROS_PACKAGE_NAME=\"vd_msgs\" -I/home/swati/Motion_Planning/MP_for_AV/src/MP_for_AV/build/vd_msgs/rosidl_typesupport_fastrtps_cpp -I/home/swati/Motion_Planning/MP_for_AV/src/MP_for_AV/build/vd_msgs/rosidl_generator_cpp -isystem /opt/ros/humble/include/fastcdr -isystem /opt/ros/humble/include/rmw -isystem /opt/ros/humble/include/rcutils -isystem /opt/ros/humble/include/rosidl_runtime_c -isystem /opt/ros/humble/include/rosidl_typesupport_interface -isystem /opt/ros/humble/include/rosidl_runtime_cpp -isystem /opt/ros/humble/include/rosidl_typesupport_fastrtps_cpp -isystem /opt/ros/humble/include/std_msgs -isystem /opt/ros/humble/include/builtin_interfaces -std=gnu++14 -fPIC -Wall -Wextra -Wpedantic -Wredundant-decls -MD -MT CMakeFiles/vd_msgs__rosidl_typesupport_fastrtps_cpp.dir/rosidl_typesupport_fastrtps_cpp/vd_msgs/msg/detail/dds_fastrtps/vd_path__type_support.cpp.o -MF CMakeFiles/vd_msgs__rosidl_typesupport_fastrtps_cpp.dir/rosidl_typesupport_fastrtps_cpp/vd_msgs/msg/detail/dds_fastrtps/vd_path__type_support.cpp.o.d -o CMakeFiles/vd_msgs__rosidl_typesupport_fastrtps_cpp.dir/rosidl_typesupport_fastrtps_cpp/vd_msgs/msg/detail/dds_fastrtps/vd_path__type_support.cpp.o -c /home/swati/Motion_Planning/MP_for_AV/src/MP_for_AV/build/vd_msgs/rosidl_typesupport_fastrtps_cpp/vd_msgs/msg/detail/dds_fastrtps/vd_path__type_support.cpp
[3.253s] [ 65%] [32mBuilding CXX object CMakeFiles/vd_msgs__rosidl_typesupport_fastrtps_cpp.dir/rosidl_typesupport_fastrtps_cpp/vd_msgs/msg/detail/dds_fastrtps/vd_list__type_support.cpp.o[0m
[3.253s] /usr/bin/c++ -DRCUTILS_ENABLE_FAULT_INJECTION -DROSIDL_TYPESUPPORT_FASTRTPS_CPP_BUILDING_DLL_vd_msgs -DROS_PACKAGE_NAME=\"vd_msgs\" -I/home/swati/Motion_Planning/MP_for_AV/src/MP_for_AV/build/vd_msgs/rosidl_typesupport_fastrtps_cpp -I/home/swati/Motion_Planning/MP_for_AV/src/MP_for_AV/build/vd_msgs/rosidl_generator_cpp -isystem /opt/ros/humble/include/fastcdr -isystem /opt/ros/humble/include/rmw -isystem /opt/ros/humble/include/rcutils -isystem /opt/ros/humble/include/rosidl_runtime_c -isystem /opt/ros/humble/include/rosidl_typesupport_interface -isystem /opt/ros/humble/include/rosidl_runtime_cpp -isystem /opt/ros/humble/include/rosidl_typesupport_fastrtps_cpp -isystem /opt/ros/humble/include/std_msgs -isystem /opt/ros/humble/include/builtin_interfaces -std=gnu++14 -fPIC -Wall -Wextra -Wpedantic -Wredundant-decls -MD -MT CMakeFiles/vd_msgs__rosidl_typesupport_fastrtps_cpp.dir/rosidl_typesupport_fastrtps_cpp/vd_msgs/msg/detail/dds_fastrtps/vd_list__type_support.cpp.o -MF CMakeFiles/vd_msgs__rosidl_typesupport_fastrtps_cpp.dir/rosidl_typesupport_fastrtps_cpp/vd_msgs/msg/detail/dds_fastrtps/vd_list__type_support.cpp.o.d -o CMakeFiles/vd_msgs__rosidl_typesupport_fastrtps_cpp.dir/rosidl_typesupport_fastrtps_cpp/vd_msgs/msg/detail/dds_fastrtps/vd_list__type_support.cpp.o -c /home/swati/Motion_Planning/MP_for_AV/src/MP_for_AV/build/vd_msgs/rosidl_typesupport_fastrtps_cpp/vd_msgs/msg/detail/dds_fastrtps/vd_list__type_support.cpp
[3.255s] [ 67%] [32mBuilding CXX object CMakeFiles/vd_msgs__rosidl_typesupport_fastrtps_cpp.dir/rosidl_typesupport_fastrtps_cpp/vd_msgs/srv/detail/dds_fastrtps/planner_srv__type_support.cpp.o[0m
[3.255s] /usr/bin/c++ -DRCUTILS_ENABLE_FAULT_INJECTION -DROSIDL_TYPESUPPORT_FASTRTPS_CPP_BUILDING_DLL_vd_msgs -DROS_PACKAGE_NAME=\"vd_msgs\" -I/home/swati/Motion_Planning/MP_for_AV/src/MP_for_AV/build/vd_msgs/rosidl_typesupport_fastrtps_cpp -I/home/swati/Motion_Planning/MP_for_AV/src/MP_for_AV/build/vd_msgs/rosidl_generator_cpp -isystem /opt/ros/humble/include/fastcdr -isystem /opt/ros/humble/include/rmw -isystem /opt/ros/humble/include/rcutils -isystem /opt/ros/humble/include/rosidl_runtime_c -isystem /opt/ros/humble/include/rosidl_typesupport_interface -isystem /opt/ros/humble/include/rosidl_runtime_cpp -isystem /opt/ros/humble/include/rosidl_typesupport_fastrtps_cpp -isystem /opt/ros/humble/include/std_msgs -isystem /opt/ros/humble/include/builtin_interfaces -std=gnu++14 -fPIC -Wall -Wextra -Wpedantic -Wredundant-decls -MD -MT CMakeFiles/vd_msgs__rosidl_typesupport_fastrtps_cpp.dir/rosidl_typesupport_fastrtps_cpp/vd_msgs/srv/detail/dds_fastrtps/planner_srv__type_support.cpp.o -MF CMakeFiles/vd_msgs__rosidl_typesupport_fastrtps_cpp.dir/rosidl_typesupport_fastrtps_cpp/vd_msgs/srv/detail/dds_fastrtps/planner_srv__type_support.cpp.o.d -o CMakeFiles/vd_msgs__rosidl_typesupport_fastrtps_cpp.dir/rosidl_typesupport_fastrtps_cpp/vd_msgs/srv/detail/dds_fastrtps/planner_srv__type_support.cpp.o -c /home/swati/Motion_Planning/MP_for_AV/src/MP_for_AV/build/vd_msgs/rosidl_typesupport_fastrtps_cpp/vd_msgs/srv/detail/dds_fastrtps/planner_srv__type_support.cpp
[3.258s] gmake[2]: Leaving directory '/home/swati/Motion_Planning/MP_for_AV/src/MP_for_AV/build/vd_msgs'
[3.259s] [ 68%] [32m[1mLinking CXX shared library libvd_msgs__rosidl_typesupport_c.so[0m
[3.259s] /opt/cmake-3.28.3-linux-x86_64/bin/cmake -E cmake_link_script CMakeFiles/vd_msgs__rosidl_typesupport_c.dir/link.txt --verbose=1
[3.263s] /usr/bin/c++ -fPIC -shared -Wl,-soname,libvd_msgs__rosidl_typesupport_c.so -o libvd_msgs__rosidl_typesupport_c.so CMakeFiles/vd_msgs__rosidl_typesupport_c.dir/rosidl_typesupport_c/vd_msgs/msg/v_dpose__type_support.cpp.o CMakeFiles/vd_msgs__rosidl_typesupport_c.dir/rosidl_typesupport_c/vd_msgs/msg/v_dstate__type_support.cpp.o CMakeFiles/vd_msgs__rosidl_typesupport_c.dir/rosidl_typesupport_c/vd_msgs/msg/v_dtraj__type_support.cpp.o CMakeFiles/vd_msgs__rosidl_typesupport_c.dir/rosidl_typesupport_c/vd_msgs/msg/vd_control_cmd__type_support.cpp.o CMakeFiles/vd_msgs__rosidl_typesupport_c.dir/rosidl_typesupport_c/vd_msgs/msg/vd_path__type_support.cpp.o CMakeFiles/vd_msgs__rosidl_typesupport_c.dir/rosidl_typesupport_c/vd_msgs/msg/vd_list__type_support.cpp.o CMakeFiles/vd_msgs__rosidl_typesupport_c.dir/rosidl_typesupport_c/vd_msgs/srv/planner_srv__type_support.cpp.o  -Wl,-rpath,/home/swati/Motion_Planning/MP_for_AV/src/MP_for_AV/build/vd_msgs:/opt/ros/humble/lib: libvd_msgs__rosidl_generator_c.so /opt/ros/humble/lib/libstd_msgs__rosidl_typesupport_c.so /opt/ros/humble/lib/libbuiltin_interfaces__rosidl_typesupport_c.so /opt/ros/humble/lib/librosidl_typesupport_c.so /opt/ros/humble/lib/libstd_msgs__rosidl_generator_c.so /opt/ros/humble/lib/libbuiltin_interfaces__rosidl_generator_c.so /opt/ros/humble/lib/librosidl_runtime_c.so /opt/ros/humble/lib/librcutils.so -ldl -Wl,-rpath-link,/opt/ros/humble/lib 
[3.263s] [ 68%] Built target vd_msgs__rosidl_typesupport_introspection_c
[3.271s] gmake[2]: Leaving directory '/home/swati/Motion_Planning/MP_for_AV/src/MP_for_AV/build/vd_msgs'
[3.275s] [ 68%] Built target vd_msgs__rosidl_typesupport_cpp
[3.291s] gmake[2]: Leaving directory '/home/swati/Motion_Planning/MP_for_AV/src/MP_for_AV/build/vd_msgs'
[3.293s] [ 68%] Built target vd_msgs__rosidl_typesupport_c
[3.316s] cd /home/swati/Motion_Planning/MP_for_AV/src/MP_for_AV/build/vd_msgs && /opt/cmake-3.28.3-linux-x86_64/bin/cmake -E cmake_depends "Unix Makefiles" /home/swati/Motion_Planning/MP_for_AV/src/MP_for_AV/vd_msgs /home/swati/Motion_Planning/MP_for_AV/src/MP_for_AV/vd_msgs /home/swati/Motion_Planning/MP_for_AV/src/MP_for_AV/build/vd_msgs /home/swati/Motion_Planning/MP_for_AV/src/MP_for_AV/build/vd_msgs /home/swati/Motion_Planning/MP_for_AV/src/MP_for_AV/build/vd_msgs/CMakeFiles/vd_msgs__rosidl_typesupport_fastrtps_c.dir/DependInfo.cmake "--color="
[3.320s] gmake[2]: Leaving directory '/home/swati/Motion_Planning/MP_for_AV/src/MP_for_AV/build/vd_msgs'
[3.320s] /usr/bin/gmake  -f CMakeFiles/vd_msgs__rosidl_typesupport_fastrtps_c.dir/build.make CMakeFiles/vd_msgs__rosidl_typesupport_fastrtps_c.dir/build
[3.322s] gmake[2]: Entering directory '/home/swati/Motion_Planning/MP_for_AV/src/MP_for_AV/build/vd_msgs'
[3.325s] [ 69%] [32mBuilding CXX object CMakeFiles/vd_msgs__rosidl_typesupport_fastrtps_c.dir/rosidl_typesupport_fastrtps_c/vd_msgs/msg/detail/v_dstate__type_support_c.cpp.o[0m
[3.325s] [ 70%] [32mBuilding CXX object CMakeFiles/vd_msgs__rosidl_typesupport_fastrtps_c.dir/rosidl_typesupport_fastrtps_c/vd_msgs/msg/detail/v_dpose__type_support_c.cpp.o[0m
[3.326s] [ 72%] [32mBuilding CXX object CMakeFiles/vd_msgs__rosidl_typesupport_fastrtps_c.dir/rosidl_typesupport_fastrtps_c/vd_msgs/msg/detail/v_dtraj__type_support_c.cpp.o[0m
[3.326s] [ 73%] [32mBuilding CXX object CMakeFiles/vd_msgs__rosidl_typesupport_fastrtps_c.dir/rosidl_typesupport_fastrtps_c/vd_msgs/msg/detail/vd_control_cmd__type_support_c.cpp.o[0m
[3.326s] /usr/bin/c++ -DRCUTILS_ENABLE_FAULT_INJECTION -DROSIDL_TYPESUPPORT_FASTRTPS_C_BUILDING_DLL_vd_msgs -DROS_PACKAGE_NAME=\"vd_msgs\" -I/home/swati/Motion_Planning/MP_for_AV/src/MP_for_AV/build/vd_msgs/rosidl_typesupport_fastrtps_c -I/home/swati/Motion_Planning/MP_for_AV/src/MP_for_AV/build/vd_msgs/rosidl_generator_c -isystem /opt/ros/humble/include/fastcdr -isystem /opt/ros/humble/include/rosidl_runtime_c -isystem /opt/ros/humble/include/rcutils -isystem /opt/ros/humble/include/rosidl_typesupport_interface -isystem /opt/ros/humble/include/rosidl_runtime_cpp -isystem /opt/ros/humble/include/rosidl_typesupport_fastrtps_cpp -isystem /opt/ros/humble/include/rmw -isystem /opt/ros/humble/include/rosidl_typesupport_fastrtps_c -isystem /opt/ros/humble/include/std_msgs -isystem /opt/ros/humble/include/builtin_interfaces -std=gnu++14 -fPIC -Wall -Wextra -Wpedantic -MD -MT CMakeFiles/vd_msgs__rosidl_typesupport_fastrtps_c.dir/rosidl_typesupport_fastrtps_c/vd_msgs/msg/detail/v_dpose__type_support_c.cpp.o -MF CMakeFiles/vd_msgs__rosidl_typesupport_fastrtps_c.dir/rosidl_typesupport_fastrtps_c/vd_msgs/msg/detail/v_dpose__type_support_c.cpp.o.d -o CMakeFiles/vd_msgs__rosidl_typesupport_fastrtps_c.dir/rosidl_typesupport_fastrtps_c/vd_msgs/msg/detail/v_dpose__type_support_c.cpp.o -c /home/swati/Motion_Planning/MP_for_AV/src/MP_for_AV/build/vd_msgs/rosidl_typesupport_fastrtps_c/vd_msgs/msg/detail/v_dpose__type_support_c.cpp
[3.326s] [ 74%] [32mBuilding CXX object CMakeFiles/vd_msgs__rosidl_typesupport_fastrtps_c.dir/rosidl_typesupport_fastrtps_c/vd_msgs/msg/detail/vd_path__type_support_c.cpp.o[0m
[3.326s] [ 75%] [32mBuilding CXX object CMakeFiles/vd_msgs__rosidl_typesupport_fastrtps_c.dir/rosidl_typesupport_fastrtps_c/vd_msgs/msg/detail/vd_list__type_support_c.cpp.o[0m
[3.326s] /usr/bin/c++ -DRCUTILS_ENABLE_FAULT_INJECTION -DROSIDL_TYPESUPPORT_FASTRTPS_C_BUILDING_DLL_vd_msgs -DROS_PACKAGE_NAME=\"vd_msgs\" -I/home/swati/Motion_Planning/MP_for_AV/src/MP_for_AV/build/vd_msgs/rosidl_typesupport_fastrtps_c -I/home/swati/Motion_Planning/MP_for_AV/src/MP_for_AV/build/vd_msgs/rosidl_generator_c -isystem /opt/ros/humble/include/fastcdr -isystem /opt/ros/humble/include/rosidl_runtime_c -isystem /opt/ros/humble/include/rcutils -isystem /opt/ros/humble/include/rosidl_typesupport_interface -isystem /opt/ros/humble/include/rosidl_runtime_cpp -isystem /opt/ros/humble/include/rosidl_typesupport_fastrtps_cpp -isystem /opt/ros/humble/include/rmw -isystem /opt/ros/humble/include/rosidl_typesupport_fastrtps_c -isystem /opt/ros/humble/include/std_msgs -isystem /opt/ros/humble/include/builtin_interfaces -std=gnu++14 -fPIC -Wall -Wextra -Wpedantic -MD -MT CMakeFiles/vd_msgs__rosidl_typesupport_fastrtps_c.dir/rosidl_typesupport_fastrtps_c/vd_msgs/msg/detail/v_dstate__type_support_c.cpp.o -MF CMakeFiles/vd_msgs__rosidl_typesupport_fastrtps_c.dir/rosidl_typesupport_fastrtps_c/vd_msgs/msg/detail/v_dstate__type_support_c.cpp.o.d -o CMakeFiles/vd_msgs__rosidl_typesupport_fastrtps_c.dir/rosidl_typesupport_fastrtps_c/vd_msgs/msg/detail/v_dstate__type_support_c.cpp.o -c /home/swati/Motion_Planning/MP_for_AV/src/MP_for_AV/build/vd_msgs/rosidl_typesupport_fastrtps_c/vd_msgs/msg/detail/v_dstate__type_support_c.cpp
[3.326s] /usr/bin/c++ -DRCUTILS_ENABLE_FAULT_INJECTION -DROSIDL_TYPESUPPORT_FASTRTPS_C_BUILDING_DLL_vd_msgs -DROS_PACKAGE_NAME=\"vd_msgs\" -I/home/swati/Motion_Planning/MP_for_AV/src/MP_for_AV/build/vd_msgs/rosidl_typesupport_fastrtps_c -I/home/swati/Motion_Planning/MP_for_AV/src/MP_for_AV/build/vd_msgs/rosidl_generator_c -isystem /opt/ros/humble/include/fastcdr -isystem /opt/ros/humble/include/rosidl_runtime_c -isystem /opt/ros/humble/include/rcutils -isystem /opt/ros/humble/include/rosidl_typesupport_interface -isystem /opt/ros/humble/include/rosidl_runtime_cpp -isystem /opt/ros/humble/include/rosidl_typesupport_fastrtps_cpp -isystem /opt/ros/humble/include/rmw -isystem /opt/ros/humble/include/rosidl_typesupport_fastrtps_c -isystem /opt/ros/humble/include/std_msgs -isystem /opt/ros/humble/include/builtin_interfaces -std=gnu++14 -fPIC -Wall -Wextra -Wpedantic -MD -MT CMakeFiles/vd_msgs__rosidl_typesupport_fastrtps_c.dir/rosidl_typesupport_fastrtps_c/vd_msgs/msg/detail/v_dtraj__type_support_c.cpp.o -MF CMakeFiles/vd_msgs__rosidl_typesupport_fastrtps_c.dir/rosidl_typesupport_fastrtps_c/vd_msgs/msg/detail/v_dtraj__type_support_c.cpp.o.d -o CMakeFiles/vd_msgs__rosidl_typesupport_fastrtps_c.dir/rosidl_typesupport_fastrtps_c/vd_msgs/msg/detail/v_dtraj__type_support_c.cpp.o -c /home/swati/Motion_Planning/MP_for_AV/src/MP_for_AV/build/vd_msgs/rosidl_typesupport_fastrtps_c/vd_msgs/msg/detail/v_dtraj__type_support_c.cpp
[3.326s] /usr/bin/c++ -DRCUTILS_ENABLE_FAULT_INJECTION -DROSIDL_TYPESUPPORT_FASTRTPS_C_BUILDING_DLL_vd_msgs -DROS_PACKAGE_NAME=\"vd_msgs\" -I/home/swati/Motion_Planning/MP_for_AV/src/MP_for_AV/build/vd_msgs/rosidl_typesupport_fastrtps_c -I/home/swati/Motion_Planning/MP_for_AV/src/MP_for_AV/build/vd_msgs/rosidl_generator_c -isystem /opt/ros/humble/include/fastcdr -isystem /opt/ros/humble/include/rosidl_runtime_c -isystem /opt/ros/humble/include/rcutils -isystem /opt/ros/humble/include/rosidl_typesupport_interface -isystem /opt/ros/humble/include/rosidl_runtime_cpp -isystem /opt/ros/humble/include/rosidl_typesupport_fastrtps_cpp -isystem /opt/ros/humble/include/rmw -isystem /opt/ros/humble/include/rosidl_typesupport_fastrtps_c -isystem /opt/ros/humble/include/std_msgs -isystem /opt/ros/humble/include/builtin_interfaces -std=gnu++14 -fPIC -Wall -Wextra -Wpedantic -MD -MT CMakeFiles/vd_msgs__rosidl_typesupport_fastrtps_c.dir/rosidl_typesupport_fastrtps_c/vd_msgs/msg/detail/vd_control_cmd__type_support_c.cpp.o -MF CMakeFiles/vd_msgs__rosidl_typesupport_fastrtps_c.dir/rosidl_typesupport_fastrtps_c/vd_msgs/msg/detail/vd_control_cmd__type_support_c.cpp.o.d -o CMakeFiles/vd_msgs__rosidl_typesupport_fastrtps_c.dir/rosidl_typesupport_fastrtps_c/vd_msgs/msg/detail/vd_control_cmd__type_support_c.cpp.o -c /home/swati/Motion_Planning/MP_for_AV/src/MP_for_AV/build/vd_msgs/rosidl_typesupport_fastrtps_c/vd_msgs/msg/detail/vd_control_cmd__type_support_c.cpp
[3.326s] /usr/bin/c++ -DRCUTILS_ENABLE_FAULT_INJECTION -DROSIDL_TYPESUPPORT_FASTRTPS_C_BUILDING_DLL_vd_msgs -DROS_PACKAGE_NAME=\"vd_msgs\" -I/home/swati/Motion_Planning/MP_for_AV/src/MP_for_AV/build/vd_msgs/rosidl_typesupport_fastrtps_c -I/home/swati/Motion_Planning/MP_for_AV/src/MP_for_AV/build/vd_msgs/rosidl_generator_c -isystem /opt/ros/humble/include/fastcdr -isystem /opt/ros/humble/include/rosidl_runtime_c -isystem /opt/ros/humble/include/rcutils -isystem /opt/ros/humble/include/rosidl_typesupport_interface -isystem /opt/ros/humble/include/rosidl_runtime_cpp -isystem /opt/ros/humble/include/rosidl_typesupport_fastrtps_cpp -isystem /opt/ros/humble/include/rmw -isystem /opt/ros/humble/include/rosidl_typesupport_fastrtps_c -isystem /opt/ros/humble/include/std_msgs -isystem /opt/ros/humble/include/builtin_interfaces -std=gnu++14 -fPIC -Wall -Wextra -Wpedantic -MD -MT CMakeFiles/vd_msgs__rosidl_typesupport_fastrtps_c.dir/rosidl_typesupport_fastrtps_c/vd_msgs/msg/detail/vd_path__type_support_c.cpp.o -MF CMakeFiles/vd_msgs__rosidl_typesupport_fastrtps_c.dir/rosidl_typesupport_fastrtps_c/vd_msgs/msg/detail/vd_path__type_support_c.cpp.o.d -o CMakeFiles/vd_msgs__rosidl_typesupport_fastrtps_c.dir/rosidl_typesupport_fastrtps_c/vd_msgs/msg/detail/vd_path__type_support_c.cpp.o -c /home/swati/Motion_Planning/MP_for_AV/src/MP_for_AV/build/vd_msgs/rosidl_typesupport_fastrtps_c/vd_msgs/msg/detail/vd_path__type_support_c.cpp
[3.326s] /usr/bin/c++ -DRCUTILS_ENABLE_FAULT_INJECTION -DROSIDL_TYPESUPPORT_FASTRTPS_C_BUILDING_DLL_vd_msgs -DROS_PACKAGE_NAME=\"vd_msgs\" -I/home/swati/Motion_Planning/MP_for_AV/src/MP_for_AV/build/vd_msgs/rosidl_typesupport_fastrtps_c -I/home/swati/Motion_Planning/MP_for_AV/src/MP_for_AV/build/vd_msgs/rosidl_generator_c -isystem /opt/ros/humble/include/fastcdr -isystem /opt/ros/humble/include/rosidl_runtime_c -isystem /opt/ros/humble/include/rcutils -isystem /opt/ros/humble/include/rosidl_typesupport_interface -isystem /opt/ros/humble/include/rosidl_runtime_cpp -isystem /opt/ros/humble/include/rosidl_typesupport_fastrtps_cpp -isystem /opt/ros/humble/include/rmw -isystem /opt/ros/humble/include/rosidl_typesupport_fastrtps_c -isystem /opt/ros/humble/include/std_msgs -isystem /opt/ros/humble/include/builtin_interfaces -std=gnu++14 -fPIC -Wall -Wextra -Wpedantic -MD -MT CMakeFiles/vd_msgs__rosidl_typesupport_fastrtps_c.dir/rosidl_typesupport_fastrtps_c/vd_msgs/msg/detail/vd_list__type_support_c.cpp.o -MF CMakeFiles/vd_msgs__rosidl_typesupport_fastrtps_c.dir/rosidl_typesupport_fastrtps_c/vd_msgs/msg/detail/vd_list__type_support_c.cpp.o.d -o CMakeFiles/vd_msgs__rosidl_typesupport_fastrtps_c.dir/rosidl_typesupport_fastrtps_c/vd_msgs/msg/detail/vd_list__type_support_c.cpp.o -c /home/swati/Motion_Planning/MP_for_AV/src/MP_for_AV/build/vd_msgs/rosidl_typesupport_fastrtps_c/vd_msgs/msg/detail/vd_list__type_support_c.cpp
[3.326s] [ 77%] [32mBuilding CXX object CMakeFiles/vd_msgs__rosidl_typesupport_fastrtps_c.dir/rosidl_typesupport_fastrtps_c/vd_msgs/srv/detail/planner_srv__type_support_c.cpp.o[0m
[3.330s] /usr/bin/c++ -DRCUTILS_ENABLE_FAULT_INJECTION -DROSIDL_TYPESUPPORT_FASTRTPS_C_BUILDING_DLL_vd_msgs -DROS_PACKAGE_NAME=\"vd_msgs\" -I/home/swati/Motion_Planning/MP_for_AV/src/MP_for_AV/build/vd_msgs/rosidl_typesupport_fastrtps_c -I/home/swati/Motion_Planning/MP_for_AV/src/MP_for_AV/build/vd_msgs/rosidl_generator_c -isystem /opt/ros/humble/include/fastcdr -isystem /opt/ros/humble/include/rosidl_runtime_c -isystem /opt/ros/humble/include/rcutils -isystem /opt/ros/humble/include/rosidl_typesupport_interface -isystem /opt/ros/humble/include/rosidl_runtime_cpp -isystem /opt/ros/humble/include/rosidl_typesupport_fastrtps_cpp -isystem /opt/ros/humble/include/rmw -isystem /opt/ros/humble/include/rosidl_typesupport_fastrtps_c -isystem /opt/ros/humble/include/std_msgs -isystem /opt/ros/humble/include/builtin_interfaces -std=gnu++14 -fPIC -Wall -Wextra -Wpedantic -MD -MT CMakeFiles/vd_msgs__rosidl_typesupport_fastrtps_c.dir/rosidl_typesupport_fastrtps_c/vd_msgs/srv/detail/planner_srv__type_support_c.cpp.o -MF CMakeFiles/vd_msgs__rosidl_typesupport_fastrtps_c.dir/rosidl_typesupport_fastrtps_c/vd_msgs/srv/detail/planner_srv__type_support_c.cpp.o.d -o CMakeFiles/vd_msgs__rosidl_typesupport_fastrtps_c.dir/rosidl_typesupport_fastrtps_c/vd_msgs/srv/detail/planner_srv__type_support_c.cpp.o -c /home/swati/Motion_Planning/MP_for_AV/src/MP_for_AV/build/vd_msgs/rosidl_typesupport_fastrtps_c/vd_msgs/srv/detail/planner_srv__type_support_c.cpp
[3.437s] [ 78%] [32m[1mLinking CXX shared library libvd_msgs__rosidl_typesupport_introspection_cpp.so[0m
[3.437s] /opt/cmake-3.28.3-linux-x86_64/bin/cmake -E cmake_link_script CMakeFiles/vd_msgs__rosidl_typesupport_introspection_cpp.dir/link.txt --verbose=1
[3.438s] /usr/bin/c++ -fPIC -shared -Wl,-soname,libvd_msgs__rosidl_typesupport_introspection_cpp.so -o libvd_msgs__rosidl_typesupport_introspection_cpp.so CMakeFiles/vd_msgs__rosidl_typesupport_introspection_cpp.dir/rosidl_typesupport_introspection_cpp/vd_msgs/msg/detail/v_dpose__type_support.cpp.o CMakeFiles/vd_msgs__rosidl_typesupport_introspection_cpp.dir/rosidl_typesupport_introspection_cpp/vd_msgs/msg/detail/v_dstate__type_support.cpp.o CMakeFiles/vd_msgs__rosidl_typesupport_introspection_cpp.dir/rosidl_typesupport_introspection_cpp/vd_msgs/msg/detail/v_dtraj__type_support.cpp.o CMakeFiles/vd_msgs__rosidl_typesupport_introspection_cpp.dir/rosidl_typesupport_introspection_cpp/vd_msgs/msg/detail/vd_control_cmd__type_support.cpp.o CMakeFiles/vd_msgs__rosidl_typesupport_introspection_cpp.dir/rosidl_typesupport_introspection_cpp/vd_msgs/msg/detail/vd_path__type_support.cpp.o CMakeFiles/vd_msgs__rosidl_typesupport_introspection_cpp.dir/rosidl_typesupport_introspection_cpp/vd_msgs/msg/detail/vd_list__type_support.cpp.o CMakeFiles/vd_msgs__rosidl_typesupport_introspection_cpp.dir/rosidl_typesupport_introspection_cpp/vd_msgs/srv/detail/planner_srv__type_support.cpp.o  -Wl,-rpath,/opt/ros/humble/lib: /opt/ros/humble/lib/libstd_msgs__rosidl_typesupport_introspection_cpp.so /opt/ros/humble/lib/libbuiltin_interfaces__rosidl_typesupport_introspection_cpp.so /opt/ros/humble/lib/librosidl_typesupport_introspection_cpp.so /opt/ros/humble/lib/librosidl_typesupport_introspection_c.so /opt/ros/humble/lib/librosidl_runtime_c.so /opt/ros/humble/lib/librcutils.so -ldl 
[3.512s] gmake[2]: Leaving directory '/home/swati/Motion_Planning/MP_for_AV/src/MP_for_AV/build/vd_msgs'
[3.517s] [ 78%] Built target vd_msgs__rosidl_typesupport_introspection_cpp
[3.673s] [ 79%] [32m[1mLinking CXX shared library libvd_msgs__rosidl_typesupport_fastrtps_c.so[0m
[3.673s] /opt/cmake-3.28.3-linux-x86_64/bin/cmake -E cmake_link_script CMakeFiles/vd_msgs__rosidl_typesupport_fastrtps_c.dir/link.txt --verbose=1
[3.675s] /usr/bin/c++ -fPIC -shared -Wl,-soname,libvd_msgs__rosidl_typesupport_fastrtps_c.so -o libvd_msgs__rosidl_typesupport_fastrtps_c.so CMakeFiles/vd_msgs__rosidl_typesupport_fastrtps_c.dir/rosidl_typesupport_fastrtps_c/vd_msgs/msg/detail/v_dpose__type_support_c.cpp.o CMakeFiles/vd_msgs__rosidl_typesupport_fastrtps_c.dir/rosidl_typesupport_fastrtps_c/vd_msgs/msg/detail/v_dstate__type_support_c.cpp.o CMakeFiles/vd_msgs__rosidl_typesupport_fastrtps_c.dir/rosidl_typesupport_fastrtps_c/vd_msgs/msg/detail/v_dtraj__type_support_c.cpp.o CMakeFiles/vd_msgs__rosidl_typesupport_fastrtps_c.dir/rosidl_typesupport_fastrtps_c/vd_msgs/msg/detail/vd_control_cmd__type_support_c.cpp.o CMakeFiles/vd_msgs__rosidl_typesupport_fastrtps_c.dir/rosidl_typesupport_fastrtps_c/vd_msgs/msg/detail/vd_path__type_support_c.cpp.o CMakeFiles/vd_msgs__rosidl_typesupport_fastrtps_c.dir/rosidl_typesupport_fastrtps_c/vd_msgs/msg/detail/vd_list__type_support_c.cpp.o CMakeFiles/vd_msgs__rosidl_typesupport_fastrtps_c.dir/rosidl_typesupport_fastrtps_c/vd_msgs/srv/detail/planner_srv__type_support_c.cpp.o  -Wl,-rpath,/home/swati/Motion_Planning/MP_for_AV/src/MP_for_AV/build/vd_msgs:/opt/ros/humble/lib: libvd_msgs__rosidl_generator_c.so /opt/ros/humble/lib/libstd_msgs__rosidl_typesupport_fastrtps_c.so /opt/ros/humble/lib/libbuiltin_interfaces__rosidl_typesupport_fastrtps_c.so /opt/ros/humble/lib/librosidl_typesupport_fastrtps_cpp.so /opt/ros/humble/lib/libfastcdr.so.1.0.24 /opt/ros/humble/lib/librmw.so /opt/ros/humble/lib/librosidl_typesupport_fastrtps_c.so /opt/ros/humble/lib/libstd_msgs__rosidl_generator_c.so /opt/ros/humble/lib/libbuiltin_interfaces__rosidl_generator_c.so /opt/ros/humble/lib/librosidl_runtime_c.so /opt/ros/humble/lib/librcutils.so -ldl 
[3.715s] gmake[2]: Leaving directory '/home/swati/Motion_Planning/MP_for_AV/src/MP_for_AV/build/vd_msgs'
[3.718s] [ 79%] Built target vd_msgs__rosidl_typesupport_fastrtps_c
[3.735s] [ 81%] [32m[1mLinking CXX shared library libvd_msgs__rosidl_typesupport_fastrtps_cpp.so[0m
[3.735s] /opt/cmake-3.28.3-linux-x86_64/bin/cmake -E cmake_link_script CMakeFiles/vd_msgs__rosidl_typesupport_fastrtps_cpp.dir/link.txt --verbose=1
[3.737s] /usr/bin/c++ -fPIC -shared -Wl,-soname,libvd_msgs__rosidl_typesupport_fastrtps_cpp.so -o libvd_msgs__rosidl_typesupport_fastrtps_cpp.so CMakeFiles/vd_msgs__rosidl_typesupport_fastrtps_cpp.dir/rosidl_typesupport_fastrtps_cpp/vd_msgs/msg/detail/dds_fastrtps/v_dpose__type_support.cpp.o CMakeFiles/vd_msgs__rosidl_typesupport_fastrtps_cpp.dir/rosidl_typesupport_fastrtps_cpp/vd_msgs/msg/detail/dds_fastrtps/v_dstate__type_support.cpp.o CMakeFiles/vd_msgs__rosidl_typesupport_fastrtps_cpp.dir/rosidl_typesupport_fastrtps_cpp/vd_msgs/msg/detail/dds_fastrtps/v_dtraj__type_support.cpp.o CMakeFiles/vd_msgs__rosidl_typesupport_fastrtps_cpp.dir/rosidl_typesupport_fastrtps_cpp/vd_msgs/msg/detail/dds_fastrtps/vd_control_cmd__type_support.cpp.o CMakeFiles/vd_msgs__rosidl_typesupport_fastrtps_cpp.dir/rosidl_typesupport_fastrtps_cpp/vd_msgs/msg/detail/dds_fastrtps/vd_path__type_support.cpp.o CMakeFiles/vd_msgs__rosidl_typesupport_fastrtps_cpp.dir/rosidl_typesupport_fastrtps_cpp/vd_msgs/msg/detail/dds_fastrtps/vd_list__type_support.cpp.o CMakeFiles/vd_msgs__rosidl_typesupport_fastrtps_cpp.dir/rosidl_typesupport_fastrtps_cpp/vd_msgs/srv/detail/dds_fastrtps/planner_srv__type_support.cpp.o  -Wl,-rpath,/opt/ros/humble/lib: /opt/ros/humble/lib/libstd_msgs__rosidl_typesupport_fastrtps_cpp.so /opt/ros/humble/lib/libbuiltin_interfaces__rosidl_typesupport_fastrtps_cpp.so /opt/ros/humble/lib/librosidl_typesupport_fastrtps_cpp.so /opt/ros/humble/lib/libfastcdr.so.1.0.24 /opt/ros/humble/lib/librmw.so /opt/ros/humble/lib/librosidl_runtime_c.so /opt/ros/humble/lib/librcutils.so -ldl 
[3.777s] gmake[2]: Leaving directory '/home/swati/Motion_Planning/MP_for_AV/src/MP_for_AV/build/vd_msgs'
[3.781s] [ 81%] Built target vd_msgs__rosidl_typesupport_fastrtps_cpp
[3.781s] /usr/bin/gmake  -f CMakeFiles/vd_msgs.dir/build.make CMakeFiles/vd_msgs.dir/depend
[3.782s] gmake[2]: Entering directory '/home/swati/Motion_Planning/MP_for_AV/src/MP_for_AV/build/vd_msgs'
[3.782s] cd /home/swati/Motion_Planning/MP_for_AV/src/MP_for_AV/build/vd_msgs && /opt/cmake-3.28.3-linux-x86_64/bin/cmake -E cmake_depends "Unix Makefiles" /home/swati/Motion_Planning/MP_for_AV/src/MP_for_AV/vd_msgs /home/swati/Motion_Planning/MP_for_AV/src/MP_for_AV/vd_msgs /home/swati/Motion_Planning/MP_for_AV/src/MP_for_AV/build/vd_msgs /home/swati/Motion_Planning/MP_for_AV/src/MP_for_AV/build/vd_msgs /home/swati/Motion_Planning/MP_for_AV/src/MP_for_AV/build/vd_msgs/CMakeFiles/vd_msgs.dir/DependInfo.cmake "--color="
[3.784s] gmake[2]: Leaving directory '/home/swati/Motion_Planning/MP_for_AV/src/MP_for_AV/build/vd_msgs'
[3.784s] /usr/bin/gmake  -f CMakeFiles/vd_msgs.dir/build.make CMakeFiles/vd_msgs.dir/build
[3.786s] gmake[2]: Entering directory '/home/swati/Motion_Planning/MP_for_AV/src/MP_for_AV/build/vd_msgs'
[3.786s] gmake[2]: Nothing to be done for 'CMakeFiles/vd_msgs.dir/build'.
[3.786s] gmake[2]: Leaving directory '/home/swati/Motion_Planning/MP_for_AV/src/MP_for_AV/build/vd_msgs'
[3.788s] [ 81%] Built target vd_msgs
[3.788s] /usr/bin/gmake  -f /home/swati/Motion_Planning/MP_for_AV/src/MP_for_AV/build/vd_msgs/vd_msgs__py/CMakeFiles/vd_msgs__py.dir/build.make /home/swati/Motion_Planning/MP_for_AV/src/MP_for_AV/build/vd_msgs/vd_msgs__py/CMakeFiles/vd_msgs__py.dir/depend
[3.790s] gmake[2]: Entering directory '/home/swati/Motion_Planning/MP_for_AV/src/MP_for_AV/build/vd_msgs'
[3.790s] cd /home/swati/Motion_Planning/MP_for_AV/src/MP_for_AV/build/vd_msgs && /opt/cmake-3.28.3-linux-x86_64/bin/cmake -E cmake_depends "Unix Makefiles" /home/swati/Motion_Planning/MP_for_AV/src/MP_for_AV/vd_msgs /home/swati/Motion_Planning/MP_for_AV/src/MP_for_AV/build/vd_msgs/vd_msgs__py /home/swati/Motion_Planning/MP_for_AV/src/MP_for_AV/build/vd_msgs /home/swati/Motion_Planning/MP_for_AV/src/MP_for_AV/build/vd_msgs/vd_msgs__py /home/swati/Motion_Planning/MP_for_AV/src/MP_for_AV/build/vd_msgs/vd_msgs__py/CMakeFiles/vd_msgs__py.dir/DependInfo.cmake "--color="
[3.793s] gmake[2]: Leaving directory '/home/swati/Motion_Planning/MP_for_AV/src/MP_for_AV/build/vd_msgs'
[3.793s] /usr/bin/gmake  -f /home/swati/Motion_Planning/MP_for_AV/src/MP_for_AV/build/vd_msgs/vd_msgs__py/CMakeFiles/vd_msgs__py.dir/build.make /home/swati/Motion_Planning/MP_for_AV/src/MP_for_AV/build/vd_msgs/vd_msgs__py/CMakeFiles/vd_msgs__py.dir/build
[3.794s] gmake[2]: Entering directory '/home/swati/Motion_Planning/MP_for_AV/src/MP_for_AV/build/vd_msgs'
[3.797s] [ 82%] [34m[1mGenerating Python code for ROS interfaces[0m
[3.797s] cd /home/swati/Motion_Planning/MP_for_AV/src/MP_for_AV/build/vd_msgs/vd_msgs__py && /usr/bin/python3 /opt/ros/humble/share/rosidl_generator_py/cmake/../../../lib/rosidl_generator_py/rosidl_generator_py --generator-arguments-file /home/swati/Motion_Planning/MP_for_AV/src/MP_for_AV/build/vd_msgs/rosidl_generator_py__arguments.json --typesupport-impls "rosidl_typesupport_fastrtps_c;rosidl_typesupport_introspection_c;rosidl_typesupport_c"
[4.323s] gmake[2]: Leaving directory '/home/swati/Motion_Planning/MP_for_AV/src/MP_for_AV/build/vd_msgs'
[4.326s] [ 82%] Built target vd_msgs__py
[4.326s] /usr/bin/gmake  -f CMakeFiles/vd_msgs__rosidl_generator_py.dir/build.make CMakeFiles/vd_msgs__rosidl_generator_py.dir/depend
[4.328s] gmake[2]: Entering directory '/home/swati/Motion_Planning/MP_for_AV/src/MP_for_AV/build/vd_msgs'
[4.328s] cd /home/swati/Motion_Planning/MP_for_AV/src/MP_for_AV/build/vd_msgs && /opt/cmake-3.28.3-linux-x86_64/bin/cmake -E cmake_depends "Unix Makefiles" /home/swati/Motion_Planning/MP_for_AV/src/MP_for_AV/vd_msgs /home/swati/Motion_Planning/MP_for_AV/src/MP_for_AV/vd_msgs /home/swati/Motion_Planning/MP_for_AV/src/MP_for_AV/build/vd_msgs /home/swati/Motion_Planning/MP_for_AV/src/MP_for_AV/build/vd_msgs /home/swati/Motion_Planning/MP_for_AV/src/MP_for_AV/build/vd_msgs/CMakeFiles/vd_msgs__rosidl_generator_py.dir/DependInfo.cmake "--color="
[4.331s] gmake[2]: Leaving directory '/home/swati/Motion_Planning/MP_for_AV/src/MP_for_AV/build/vd_msgs'
[4.331s] /usr/bin/gmake  -f CMakeFiles/vd_msgs__rosidl_generator_py.dir/build.make CMakeFiles/vd_msgs__rosidl_generator_py.dir/build
[4.332s] gmake[2]: Entering directory '/home/swati/Motion_Planning/MP_for_AV/src/MP_for_AV/build/vd_msgs'
[4.334s] [ 83%] [32mBuilding C object CMakeFiles/vd_msgs__rosidl_generator_py.dir/rosidl_generator_py/vd_msgs/msg/_v_dtraj_s.c.o[0m
[4.335s] [ 86%] [32mBuilding C object CMakeFiles/vd_msgs__rosidl_generator_py.dir/rosidl_generator_py/vd_msgs/msg/_v_dpose_s.c.o[0m
[4.335s] [ 86%] [32mBuilding C object CMakeFiles/vd_msgs__rosidl_generator_py.dir/rosidl_generator_py/vd_msgs/msg/_vd_path_s.c.o[0m
[4.335s] /usr/bin/cc -DRCUTILS_ENABLE_FAULT_INJECTION -DROS_PACKAGE_NAME=\"vd_msgs\" -Dvd_msgs__rosidl_generator_py_EXPORTS -I/home/swati/Motion_Planning/MP_for_AV/src/MP_for_AV/build/vd_msgs/rosidl_generator_c -I/home/swati/Motion_Planning/MP_for_AV/src/MP_for_AV/build/vd_msgs/rosidl_generator_py -I/usr/include/python3.10 -isystem /opt/ros/humble/include/std_msgs -isystem /opt/ros/humble/include/builtin_interfaces -isystem /opt/ros/humble/include/rosidl_runtime_c -isystem /opt/ros/humble/include/rcutils -isystem /opt/ros/humble/include/rosidl_typesupport_interface -fPIC -Wall -Wextra -MD -MT CMakeFiles/vd_msgs__rosidl_generator_py.dir/rosidl_generator_py/vd_msgs/msg/_v_dtraj_s.c.o -MF CMakeFiles/vd_msgs__rosidl_generator_py.dir/rosidl_generator_py/vd_msgs/msg/_v_dtraj_s.c.o.d -o CMakeFiles/vd_msgs__rosidl_generator_py.dir/rosidl_generator_py/vd_msgs/msg/_v_dtraj_s.c.o -c /home/swati/Motion_Planning/MP_for_AV/src/MP_for_AV/build/vd_msgs/rosidl_generator_py/vd_msgs/msg/_v_dtraj_s.c
[4.335s] [ 87%] [32mBuilding C object CMakeFiles/vd_msgs__rosidl_generator_py.dir/rosidl_generator_py/vd_msgs/msg/_v_dstate_s.c.o[0m
[4.336s] /usr/bin/cc -DRCUTILS_ENABLE_FAULT_INJECTION -DROS_PACKAGE_NAME=\"vd_msgs\" -Dvd_msgs__rosidl_generator_py_EXPORTS -I/home/swati/Motion_Planning/MP_for_AV/src/MP_for_AV/build/vd_msgs/rosidl_generator_c -I/home/swati/Motion_Planning/MP_for_AV/src/MP_for_AV/build/vd_msgs/rosidl_generator_py -I/usr/include/python3.10 -isystem /opt/ros/humble/include/std_msgs -isystem /opt/ros/humble/include/builtin_interfaces -isystem /opt/ros/humble/include/rosidl_runtime_c -isystem /opt/ros/humble/include/rcutils -isystem /opt/ros/humble/include/rosidl_typesupport_interface -fPIC -Wall -Wextra -MD -MT CMakeFiles/vd_msgs__rosidl_generator_py.dir/rosidl_generator_py/vd_msgs/msg/_vd_path_s.c.o -MF CMakeFiles/vd_msgs__rosidl_generator_py.dir/rosidl_generator_py/vd_msgs/msg/_vd_path_s.c.o.d -o CMakeFiles/vd_msgs__rosidl_generator_py.dir/rosidl_generator_py/vd_msgs/msg/_vd_path_s.c.o -c /home/swati/Motion_Planning/MP_for_AV/src/MP_for_AV/build/vd_msgs/rosidl_generator_py/vd_msgs/msg/_vd_path_s.c
[4.336s] [ 88%] [32mBuilding C object CMakeFiles/vd_msgs__rosidl_generator_py.dir/rosidl_generator_py/vd_msgs/srv/_planner_srv_s.c.o[0m
[4.336s] /usr/bin/cc -DRCUTILS_ENABLE_FAULT_INJECTION -DROS_PACKAGE_NAME=\"vd_msgs\" -Dvd_msgs__rosidl_generator_py_EXPORTS -I/home/swati/Motion_Planning/MP_for_AV/src/MP_for_AV/build/vd_msgs/rosidl_generator_c -I/home/swati/Motion_Planning/MP_for_AV/src/MP_for_AV/build/vd_msgs/rosidl_generator_py -I/usr/include/python3.10 -isystem /opt/ros/humble/include/std_msgs -isystem /opt/ros/humble/include/builtin_interfaces -isystem /opt/ros/humble/include/rosidl_runtime_c -isystem /opt/ros/humble/include/rcutils -isystem /opt/ros/humble/include/rosidl_typesupport_interface -fPIC -Wall -Wextra -MD -MT CMakeFiles/vd_msgs__rosidl_generator_py.dir/rosidl_generator_py/vd_msgs/msg/_v_dpose_s.c.o -MF CMakeFiles/vd_msgs__rosidl_generator_py.dir/rosidl_generator_py/vd_msgs/msg/_v_dpose_s.c.o.d -o CMakeFiles/vd_msgs__rosidl_generator_py.dir/rosidl_generator_py/vd_msgs/msg/_v_dpose_s.c.o -c /home/swati/Motion_Planning/MP_for_AV/src/MP_for_AV/build/vd_msgs/rosidl_generator_py/vd_msgs/msg/_v_dpose_s.c
[4.336s] /usr/bin/cc -DRCUTILS_ENABLE_FAULT_INJECTION -DROS_PACKAGE_NAME=\"vd_msgs\" -Dvd_msgs__rosidl_generator_py_EXPORTS -I/home/swati/Motion_Planning/MP_for_AV/src/MP_for_AV/build/vd_msgs/rosidl_generator_c -I/home/swati/Motion_Planning/MP_for_AV/src/MP_for_AV/build/vd_msgs/rosidl_generator_py -I/usr/include/python3.10 -isystem /opt/ros/humble/include/std_msgs -isystem /opt/ros/humble/include/builtin_interfaces -isystem /opt/ros/humble/include/rosidl_runtime_c -isystem /opt/ros/humble/include/rcutils -isystem /opt/ros/humble/include/rosidl_typesupport_interface -fPIC -Wall -Wextra -MD -MT CMakeFiles/vd_msgs__rosidl_generator_py.dir/rosidl_generator_py/vd_msgs/msg/_v_dstate_s.c.o -MF CMakeFiles/vd_msgs__rosidl_generator_py.dir/rosidl_generator_py/vd_msgs/msg/_v_dstate_s.c.o.d -o CMakeFiles/vd_msgs__rosidl_generator_py.dir/rosidl_generator_py/vd_msgs/msg/_v_dstate_s.c.o -c /home/swati/Motion_Planning/MP_for_AV/src/MP_for_AV/build/vd_msgs/rosidl_generator_py/vd_msgs/msg/_v_dstate_s.c
[4.336s] /usr/bin/cc -DRCUTILS_ENABLE_FAULT_INJECTION -DROS_PACKAGE_NAME=\"vd_msgs\" -Dvd_msgs__rosidl_generator_py_EXPORTS -I/home/swati/Motion_Planning/MP_for_AV/src/MP_for_AV/build/vd_msgs/rosidl_generator_c -I/home/swati/Motion_Planning/MP_for_AV/src/MP_for_AV/build/vd_msgs/rosidl_generator_py -I/usr/include/python3.10 -isystem /opt/ros/humble/include/std_msgs -isystem /opt/ros/humble/include/builtin_interfaces -isystem /opt/ros/humble/include/rosidl_runtime_c -isystem /opt/ros/humble/include/rcutils -isystem /opt/ros/humble/include/rosidl_typesupport_interface -fPIC -Wall -Wextra -MD -MT CMakeFiles/vd_msgs__rosidl_generator_py.dir/rosidl_generator_py/vd_msgs/srv/_planner_srv_s.c.o -MF CMakeFiles/vd_msgs__rosidl_generator_py.dir/rosidl_generator_py/vd_msgs/srv/_planner_srv_s.c.o.d -o CMakeFiles/vd_msgs__rosidl_generator_py.dir/rosidl_generator_py/vd_msgs/srv/_planner_srv_s.c.o -c /home/swati/Motion_Planning/MP_for_AV/src/MP_for_AV/build/vd_msgs/rosidl_generator_py/vd_msgs/srv/_planner_srv_s.c
[4.336s] [ 89%] [32mBuilding C object CMakeFiles/vd_msgs__rosidl_generator_py.dir/rosidl_generator_py/vd_msgs/msg/_vd_control_cmd_s.c.o[0m
[4.336s] [ 91%] [32mBuilding C object CMakeFiles/vd_msgs__rosidl_generator_py.dir/rosidl_generator_py/vd_msgs/msg/_vd_list_s.c.o[0m
[4.337s] /usr/bin/cc -DRCUTILS_ENABLE_FAULT_INJECTION -DROS_PACKAGE_NAME=\"vd_msgs\" -Dvd_msgs__rosidl_generator_py_EXPORTS -I/home/swati/Motion_Planning/MP_for_AV/src/MP_for_AV/build/vd_msgs/rosidl_generator_c -I/home/swati/Motion_Planning/MP_for_AV/src/MP_for_AV/build/vd_msgs/rosidl_generator_py -I/usr/include/python3.10 -isystem /opt/ros/humble/include/std_msgs -isystem /opt/ros/humble/include/builtin_interfaces -isystem /opt/ros/humble/include/rosidl_runtime_c -isystem /opt/ros/humble/include/rcutils -isystem /opt/ros/humble/include/rosidl_typesupport_interface -fPIC -Wall -Wextra -MD -MT CMakeFiles/vd_msgs__rosidl_generator_py.dir/rosidl_generator_py/vd_msgs/msg/_vd_control_cmd_s.c.o -MF CMakeFiles/vd_msgs__rosidl_generator_py.dir/rosidl_generator_py/vd_msgs/msg/_vd_control_cmd_s.c.o.d -o CMakeFiles/vd_msgs__rosidl_generator_py.dir/rosidl_generator_py/vd_msgs/msg/_vd_control_cmd_s.c.o -c /home/swati/Motion_Planning/MP_for_AV/src/MP_for_AV/build/vd_msgs/rosidl_generator_py/vd_msgs/msg/_vd_control_cmd_s.c
[4.337s] /usr/bin/cc -DRCUTILS_ENABLE_FAULT_INJECTION -DROS_PACKAGE_NAME=\"vd_msgs\" -Dvd_msgs__rosidl_generator_py_EXPORTS -I/home/swati/Motion_Planning/MP_for_AV/src/MP_for_AV/build/vd_msgs/rosidl_generator_c -I/home/swati/Motion_Planning/MP_for_AV/src/MP_for_AV/build/vd_msgs/rosidl_generator_py -I/usr/include/python3.10 -isystem /opt/ros/humble/include/std_msgs -isystem /opt/ros/humble/include/builtin_interfaces -isystem /opt/ros/humble/include/rosidl_runtime_c -isystem /opt/ros/humble/include/rcutils -isystem /opt/ros/humble/include/rosidl_typesupport_interface -fPIC -Wall -Wextra -MD -MT CMakeFiles/vd_msgs__rosidl_generator_py.dir/rosidl_generator_py/vd_msgs/msg/_vd_list_s.c.o -MF CMakeFiles/vd_msgs__rosidl_generator_py.dir/rosidl_generator_py/vd_msgs/msg/_vd_list_s.c.o.d -o CMakeFiles/vd_msgs__rosidl_generator_py.dir/rosidl_generator_py/vd_msgs/msg/_vd_list_s.c.o -c /home/swati/Motion_Planning/MP_for_AV/src/MP_for_AV/build/vd_msgs/rosidl_generator_py/vd_msgs/msg/_vd_list_s.c
[4.437s] [ 92%] [32m[1mLinking C shared library rosidl_generator_py/vd_msgs/libvd_msgs__rosidl_generator_py.so[0m
[4.437s] /opt/cmake-3.28.3-linux-x86_64/bin/cmake -E cmake_link_script CMakeFiles/vd_msgs__rosidl_generator_py.dir/link.txt --verbose=1
[4.439s] /usr/bin/cc -fPIC -shared -Wl,-soname,libvd_msgs__rosidl_generator_py.so -o rosidl_generator_py/vd_msgs/libvd_msgs__rosidl_generator_py.so CMakeFiles/vd_msgs__rosidl_generator_py.dir/rosidl_generator_py/vd_msgs/msg/_v_dpose_s.c.o CMakeFiles/vd_msgs__rosidl_generator_py.dir/rosidl_generator_py/vd_msgs/msg/_v_dstate_s.c.o CMakeFiles/vd_msgs__rosidl_generator_py.dir/rosidl_generator_py/vd_msgs/msg/_v_dtraj_s.c.o CMakeFiles/vd_msgs__rosidl_generator_py.dir/rosidl_generator_py/vd_msgs/msg/_vd_control_cmd_s.c.o CMakeFiles/vd_msgs__rosidl_generator_py.dir/rosidl_generator_py/vd_msgs/msg/_vd_path_s.c.o CMakeFiles/vd_msgs__rosidl_generator_py.dir/rosidl_generator_py/vd_msgs/msg/_vd_list_s.c.o CMakeFiles/vd_msgs__rosidl_generator_py.dir/rosidl_generator_py/vd_msgs/srv/_planner_srv_s.c.o  -Wl,-rpath,/home/swati/Motion_Planning/MP_for_AV/src/MP_for_AV/build/vd_msgs:/opt/ros/humble/lib: /usr/lib/x86_64-linux-gnu/libpython3.10.so libvd_msgs__rosidl_typesupport_c.so /opt/ros/humble/lib/libstd_msgs__rosidl_generator_py.so /opt/ros/humble/lib/libbuiltin_interfaces__rosidl_generator_py.so libvd_msgs__rosidl_generator_c.so /usr/lib/x86_64-linux-gnu/libpython3.10.so /opt/ros/humble/lib/libstd_msgs__rosidl_typesupport_c.so /opt/ros/humble/lib/libstd_msgs__rosidl_generator_c.so /opt/ros/humble/lib/libbuiltin_interfaces__rosidl_typesupport_c.so /opt/ros/humble/lib/libbuiltin_interfaces__rosidl_generator_c.so /opt/ros/humble/lib/librosidl_runtime_c.so /opt/ros/humble/lib/librcutils.so -ldl -Wl,-rpath-link,/opt/ros/humble/lib 
[4.460s] gmake[2]: Leaving directory '/home/swati/Motion_Planning/MP_for_AV/src/MP_for_AV/build/vd_msgs'
[4.462s] [ 92%] Built target vd_msgs__rosidl_generator_py
[4.462s] /usr/bin/gmake  -f CMakeFiles/vd_msgs__rosidl_typesupport_fastrtps_c__pyext.dir/build.make CMakeFiles/vd_msgs__rosidl_typesupport_fastrtps_c__pyext.dir/depend
[4.463s] /usr/bin/gmake  -f CMakeFiles/vd_msgs__rosidl_typesupport_introspection_c__pyext.dir/build.make CMakeFiles/vd_msgs__rosidl_typesupport_introspection_c__pyext.dir/depend
[4.463s] /usr/bin/gmake  -f CMakeFiles/vd_msgs__rosidl_typesupport_c__pyext.dir/build.make CMakeFiles/vd_msgs__rosidl_typesupport_c__pyext.dir/depend
[4.464s] gmake[2]: Entering directory '/home/swati/Motion_Planning/MP_for_AV/src/MP_for_AV/build/vd_msgs'
[4.464s] cd /home/swati/Motion_Planning/MP_for_AV/src/MP_for_AV/build/vd_msgs && /opt/cmake-3.28.3-linux-x86_64/bin/cmake -E cmake_depends "Unix Makefiles" /home/swati/Motion_Planning/MP_for_AV/src/MP_for_AV/vd_msgs /home/swati/Motion_Planning/MP_for_AV/src/MP_for_AV/vd_msgs /home/swati/Motion_Planning/MP_for_AV/src/MP_for_AV/build/vd_msgs /home/swati/Motion_Planning/MP_for_AV/src/MP_for_AV/build/vd_msgs /home/swati/Motion_Planning/MP_for_AV/src/MP_for_AV/build/vd_msgs/CMakeFiles/vd_msgs__rosidl_typesupport_fastrtps_c__pyext.dir/DependInfo.cmake "--color="
[4.464s] gmake[2]: Entering directory '/home/swati/Motion_Planning/MP_for_AV/src/MP_for_AV/build/vd_msgs'
[4.464s] cd /home/swati/Motion_Planning/MP_for_AV/src/MP_for_AV/build/vd_msgs && /opt/cmake-3.28.3-linux-x86_64/bin/cmake -E cmake_depends "Unix Makefiles" /home/swati/Motion_Planning/MP_for_AV/src/MP_for_AV/vd_msgs /home/swati/Motion_Planning/MP_for_AV/src/MP_for_AV/vd_msgs /home/swati/Motion_Planning/MP_for_AV/src/MP_for_AV/build/vd_msgs /home/swati/Motion_Planning/MP_for_AV/src/MP_for_AV/build/vd_msgs /home/swati/Motion_Planning/MP_for_AV/src/MP_for_AV/build/vd_msgs/CMakeFiles/vd_msgs__rosidl_typesupport_introspection_c__pyext.dir/DependInfo.cmake "--color="
[4.464s] gmake[2]: Entering directory '/home/swati/Motion_Planning/MP_for_AV/src/MP_for_AV/build/vd_msgs'
[4.464s] cd /home/swati/Motion_Planning/MP_for_AV/src/MP_for_AV/build/vd_msgs && /opt/cmake-3.28.3-linux-x86_64/bin/cmake -E cmake_depends "Unix Makefiles" /home/swati/Motion_Planning/MP_for_AV/src/MP_for_AV/vd_msgs /home/swati/Motion_Planning/MP_for_AV/src/MP_for_AV/vd_msgs /home/swati/Motion_Planning/MP_for_AV/src/MP_for_AV/build/vd_msgs /home/swati/Motion_Planning/MP_for_AV/src/MP_for_AV/build/vd_msgs /home/swati/Motion_Planning/MP_for_AV/src/MP_for_AV/build/vd_msgs/CMakeFiles/vd_msgs__rosidl_typesupport_c__pyext.dir/DependInfo.cmake "--color="
[4.467s] gmake[2]: Leaving directory '/home/swati/Motion_Planning/MP_for_AV/src/MP_for_AV/build/vd_msgs'
[4.467s] gmake[2]: Leaving directory '/home/swati/Motion_Planning/MP_for_AV/src/MP_for_AV/build/vd_msgs'
[4.467s] /usr/bin/gmake  -f CMakeFiles/vd_msgs__rosidl_typesupport_fastrtps_c__pyext.dir/build.make CMakeFiles/vd_msgs__rosidl_typesupport_fastrtps_c__pyext.dir/build
[4.467s] /usr/bin/gmake  -f CMakeFiles/vd_msgs__rosidl_typesupport_c__pyext.dir/build.make CMakeFiles/vd_msgs__rosidl_typesupport_c__pyext.dir/build
[4.467s] gmake[2]: Leaving directory '/home/swati/Motion_Planning/MP_for_AV/src/MP_for_AV/build/vd_msgs'
[4.467s] /usr/bin/gmake  -f CMakeFiles/vd_msgs__rosidl_typesupport_introspection_c__pyext.dir/build.make CMakeFiles/vd_msgs__rosidl_typesupport_introspection_c__pyext.dir/build
[4.469s] gmake[2]: Entering directory '/home/swati/Motion_Planning/MP_for_AV/src/MP_for_AV/build/vd_msgs'
[4.469s] gmake[2]: Entering directory '/home/swati/Motion_Planning/MP_for_AV/src/MP_for_AV/build/vd_msgs'
[4.469s] gmake[2]: Entering directory '/home/swati/Motion_Planning/MP_for_AV/src/MP_for_AV/build/vd_msgs'
[4.471s] [ 93%] [32mBuilding C object CMakeFiles/vd_msgs__rosidl_typesupport_fastrtps_c__pyext.dir/rosidl_generator_py/vd_msgs/_vd_msgs_s.ep.rosidl_typesupport_fastrtps_c.c.o[0m
[4.471s] [ 96%] [32mBuilding C object CMakeFiles/vd_msgs__rosidl_typesupport_introspection_c__pyext.dir/rosidl_generator_py/vd_msgs/_vd_msgs_s.ep.rosidl_typesupport_introspection_c.c.o[0m
[4.471s] [ 96%] [32mBuilding C object CMakeFiles/vd_msgs__rosidl_typesupport_c__pyext.dir/rosidl_generator_py/vd_msgs/_vd_msgs_s.ep.rosidl_typesupport_c.c.o[0m
[4.471s] /usr/bin/cc -DRCUTILS_ENABLE_FAULT_INJECTION -DROS_PACKAGE_NAME=\"vd_msgs\" -Dvd_msgs__rosidl_typesupport_fastrtps_c__pyext_EXPORTS -I/home/swati/Motion_Planning/MP_for_AV/src/MP_for_AV/build/vd_msgs/rosidl_generator_c -I/home/swati/Motion_Planning/MP_for_AV/src/MP_for_AV/build/vd_msgs/rosidl_generator_py -I/usr/include/python3.10 -I/home/swati/Motion_Planning/MP_for_AV/src/MP_for_AV/build/vd_msgs/rosidl_typesupport_fastrtps_c -isystem /opt/ros/humble/include/rosidl_runtime_c -isystem /opt/ros/humble/include/rosidl_typesupport_c -isystem /opt/ros/humble/include/rosidl_typesupport_interface -isystem /opt/ros/humble/include/std_msgs -isystem /opt/ros/humble/include/builtin_interfaces -isystem /opt/ros/humble/include/rmw -isystem /opt/ros/humble/include/rcutils -isystem /opt/ros/humble/include/fastcdr -isystem /opt/ros/humble/include/rosidl_runtime_cpp -isystem /opt/ros/humble/include/rosidl_typesupport_fastrtps_cpp -isystem /opt/ros/humble/include/rosidl_typesupport_fastrtps_c -isystem /opt/ros/humble/include/rosidl_typesupport_introspection_c -isystem /opt/ros/humble/include/rosidl_typesupport_introspection_cpp -fPIC -Wall -Wextra -MD -MT CMakeFiles/vd_msgs__rosidl_typesupport_fastrtps_c__pyext.dir/rosidl_generator_py/vd_msgs/_vd_msgs_s.ep.rosidl_typesupport_fastrtps_c.c.o -MF CMakeFiles/vd_msgs__rosidl_typesupport_fastrtps_c__pyext.dir/rosidl_generator_py/vd_msgs/_vd_msgs_s.ep.rosidl_typesupport_fastrtps_c.c.o.d -o CMakeFiles/vd_msgs__rosidl_typesupport_fastrtps_c__pyext.dir/rosidl_generator_py/vd_msgs/_vd_msgs_s.ep.rosidl_typesupport_fastrtps_c.c.o -c /home/swati/Motion_Planning/MP_for_AV/src/MP_for_AV/build/vd_msgs/rosidl_generator_py/vd_msgs/_vd_msgs_s.ep.rosidl_typesupport_fastrtps_c.c
[4.471s] /usr/bin/cc -DRCUTILS_ENABLE_FAULT_INJECTION -DROS_PACKAGE_NAME=\"vd_msgs\" -Dvd_msgs__rosidl_typesupport_introspection_c__pyext_EXPORTS -I/home/swati/Motion_Planning/MP_for_AV/src/MP_for_AV/build/vd_msgs/rosidl_generator_c -I/home/swati/Motion_Planning/MP_for_AV/src/MP_for_AV/build/vd_msgs/rosidl_generator_py -I/usr/include/python3.10 -I/home/swati/Motion_Planning/MP_for_AV/src/MP_for_AV/build/vd_msgs/rosidl_typesupport_introspection_c -isystem /opt/ros/humble/include/rosidl_runtime_c -isystem /opt/ros/humble/include/rosidl_typesupport_c -isystem /opt/ros/humble/include/rosidl_typesupport_interface -isystem /opt/ros/humble/include/std_msgs -isystem /opt/ros/humble/include/builtin_interfaces -isystem /opt/ros/humble/include/rmw -isystem /opt/ros/humble/include/rcutils -isystem /opt/ros/humble/include/rosidl_typesupport_introspection_c -isystem /opt/ros/humble/include/fastcdr -isystem /opt/ros/humble/include/rosidl_runtime_cpp -isystem /opt/ros/humble/include/rosidl_typesupport_fastrtps_cpp -isystem /opt/ros/humble/include/rosidl_typesupport_fastrtps_c -isystem /opt/ros/humble/include/rosidl_typesupport_introspection_cpp -fPIC -Wall -Wextra -MD -MT CMakeFiles/vd_msgs__rosidl_typesupport_introspection_c__pyext.dir/rosidl_generator_py/vd_msgs/_vd_msgs_s.ep.rosidl_typesupport_introspection_c.c.o -MF CMakeFiles/vd_msgs__rosidl_typesupport_introspection_c__pyext.dir/rosidl_generator_py/vd_msgs/_vd_msgs_s.ep.rosidl_typesupport_introspection_c.c.o.d -o CMakeFiles/vd_msgs__rosidl_typesupport_introspection_c__pyext.dir/rosidl_generator_py/vd_msgs/_vd_msgs_s.ep.rosidl_typesupport_introspection_c.c.o -c /home/swati/Motion_Planning/MP_for_AV/src/MP_for_AV/build/vd_msgs/rosidl_generator_py/vd_msgs/_vd_msgs_s.ep.rosidl_typesupport_introspection_c.c
[4.471s] /usr/bin/cc -DRCUTILS_ENABLE_FAULT_INJECTION -DROS_PACKAGE_NAME=\"vd_msgs\" -Dvd_msgs__rosidl_typesupport_c__pyext_EXPORTS -I/home/swati/Motion_Planning/MP_for_AV/src/MP_for_AV/build/vd_msgs/rosidl_generator_c -I/home/swati/Motion_Planning/MP_for_AV/src/MP_for_AV/build/vd_msgs/rosidl_generator_py -I/usr/include/python3.10 -isystem /opt/ros/humble/include/rosidl_runtime_c -isystem /opt/ros/humble/include/rosidl_typesupport_c -isystem /opt/ros/humble/include/rosidl_typesupport_interface -isystem /opt/ros/humble/include/std_msgs -isystem /opt/ros/humble/include/builtin_interfaces -isystem /opt/ros/humble/include/rmw -isystem /opt/ros/humble/include/rcutils -isystem /opt/ros/humble/include/fastcdr -isystem /opt/ros/humble/include/rosidl_runtime_cpp -isystem /opt/ros/humble/include/rosidl_typesupport_fastrtps_cpp -isystem /opt/ros/humble/include/rosidl_typesupport_fastrtps_c -isystem /opt/ros/humble/include/rosidl_typesupport_introspection_c -isystem /opt/ros/humble/include/rosidl_typesupport_introspection_cpp -fPIC -Wall -Wextra -MD -MT CMakeFiles/vd_msgs__rosidl_typesupport_c__pyext.dir/rosidl_generator_py/vd_msgs/_vd_msgs_s.ep.rosidl_typesupport_c.c.o -MF CMakeFiles/vd_msgs__rosidl_typesupport_c__pyext.dir/rosidl_generator_py/vd_msgs/_vd_msgs_s.ep.rosidl_typesupport_c.c.o.d -o CMakeFiles/vd_msgs__rosidl_typesupport_c__pyext.dir/rosidl_generator_py/vd_msgs/_vd_msgs_s.ep.rosidl_typesupport_c.c.o -c /home/swati/Motion_Planning/MP_for_AV/src/MP_for_AV/build/vd_msgs/rosidl_generator_py/vd_msgs/_vd_msgs_s.ep.rosidl_typesupport_c.c
[4.544s] [ 97%] [32m[1mLinking C shared library rosidl_generator_py/vd_msgs/vd_msgs_s__rosidl_typesupport_fastrtps_c.cpython-310-x86_64-linux-gnu.so[0m
[4.544s] [ 98%] [32m[1mLinking C shared library rosidl_generator_py/vd_msgs/vd_msgs_s__rosidl_typesupport_c.cpython-310-x86_64-linux-gnu.so[0m
[4.544s] /opt/cmake-3.28.3-linux-x86_64/bin/cmake -E cmake_link_script CMakeFiles/vd_msgs__rosidl_typesupport_fastrtps_c__pyext.dir/link.txt --verbose=1
[4.544s] /opt/cmake-3.28.3-linux-x86_64/bin/cmake -E cmake_link_script CMakeFiles/vd_msgs__rosidl_typesupport_c__pyext.dir/link.txt --verbose=1
[4.546s] /usr/bin/cc -fPIC -shared -Wl,-soname,vd_msgs_s__rosidl_typesupport_fastrtps_c.cpython-310-x86_64-linux-gnu.so -o rosidl_generator_py/vd_msgs/vd_msgs_s__rosidl_typesupport_fastrtps_c.cpython-310-x86_64-linux-gnu.so CMakeFiles/vd_msgs__rosidl_typesupport_fastrtps_c__pyext.dir/rosidl_generator_py/vd_msgs/_vd_msgs_s.ep.rosidl_typesupport_fastrtps_c.c.o  -Wl,-rpath,/home/swati/Motion_Planning/MP_for_AV/src/MP_for_AV/build/vd_msgs/rosidl_generator_py/vd_msgs:/home/swati/Motion_Planning/MP_for_AV/src/MP_for_AV/build/vd_msgs:/opt/ros/humble/lib: rosidl_generator_py/vd_msgs/libvd_msgs__rosidl_generator_py.so /usr/lib/x86_64-linux-gnu/libpython3.10.so libvd_msgs__rosidl_typesupport_fastrtps_c.so libvd_msgs__rosidl_typesupport_c.so /opt/ros/humble/lib/libstd_msgs__rosidl_typesupport_fastrtps_c.so /opt/ros/humble/lib/libstd_msgs__rosidl_typesupport_fastrtps_cpp.so /opt/ros/humble/lib/libstd_msgs__rosidl_typesupport_introspection_c.so /opt/ros/humble/lib/libstd_msgs__rosidl_typesupport_introspection_cpp.so /opt/ros/humble/lib/libstd_msgs__rosidl_typesupport_cpp.so /opt/ros/humble/lib/libstd_msgs__rosidl_generator_py.so /opt/ros/humble/lib/libbuiltin_interfaces__rosidl_typesupport_fastrtps_c.so /opt/ros/humble/lib/libbuiltin_interfaces__rosidl_typesupport_introspection_c.so /opt/ros/humble/lib/libbuiltin_interfaces__rosidl_typesupport_fastrtps_cpp.so /opt/ros/humble/lib/libbuiltin_interfaces__rosidl_typesupport_introspection_cpp.so /opt/ros/humble/lib/libbuiltin_interfaces__rosidl_typesupport_cpp.so /opt/ros/humble/lib/libbuiltin_interfaces__rosidl_generator_py.so /opt/ros/humble/lib/librmw.so /opt/ros/humble/lib/libstd_msgs__rosidl_typesupport_c.so /usr/lib/x86_64-linux-gnu/libpython3.10.so /opt/ros/humble/lib/libbuiltin_interfaces__rosidl_typesupport_c.so libvd_msgs__rosidl_generator_c.so /opt/ros/humble/lib/librosidl_typesupport_fastrtps_c.so /opt/ros/humble/lib/librosidl_typesupport_fastrtps_cpp.so /opt/ros/humble/lib/libfastcdr.so.1.0.24 /opt/ros/humble/lib/librmw.so /opt/ros/humble/lib/libstd_msgs__rosidl_generator_c.so /opt/ros/humble/lib/libbuiltin_interfaces__rosidl_generator_c.so /opt/ros/humble/lib/librosidl_typesupport_introspection_cpp.so /opt/ros/humble/lib/librosidl_typesupport_introspection_c.so /opt/ros/humble/lib/librosidl_typesupport_c.so /opt/ros/humble/lib/librosidl_runtime_c.so /opt/ros/humble/lib/librcutils.so -ldl -Wl,-rpath-link,/opt/ros/humble/lib 
[4.546s] /usr/bin/cc -fPIC -shared -Wl,-soname,vd_msgs_s__rosidl_typesupport_c.cpython-310-x86_64-linux-gnu.so -o rosidl_generator_py/vd_msgs/vd_msgs_s__rosidl_typesupport_c.cpython-310-x86_64-linux-gnu.so CMakeFiles/vd_msgs__rosidl_typesupport_c__pyext.dir/rosidl_generator_py/vd_msgs/_vd_msgs_s.ep.rosidl_typesupport_c.c.o  -Wl,-rpath,/home/swati/Motion_Planning/MP_for_AV/src/MP_for_AV/build/vd_msgs/rosidl_generator_py/vd_msgs:/home/swati/Motion_Planning/MP_for_AV/src/MP_for_AV/build/vd_msgs:/opt/ros/humble/lib: rosidl_generator_py/vd_msgs/libvd_msgs__rosidl_generator_py.so /usr/lib/x86_64-linux-gnu/libpython3.10.so libvd_msgs__rosidl_typesupport_c.so /opt/ros/humble/lib/libstd_msgs__rosidl_typesupport_fastrtps_c.so /opt/ros/humble/lib/libstd_msgs__rosidl_typesupport_fastrtps_cpp.so /opt/ros/humble/lib/libstd_msgs__rosidl_typesupport_introspection_c.so /opt/ros/humble/lib/libstd_msgs__rosidl_typesupport_introspection_cpp.so /opt/ros/humble/lib/libstd_msgs__rosidl_typesupport_cpp.so /opt/ros/humble/lib/libstd_msgs__rosidl_generator_py.so /opt/ros/humble/lib/libbuiltin_interfaces__rosidl_typesupport_fastrtps_c.so /opt/ros/humble/lib/libbuiltin_interfaces__rosidl_typesupport_introspection_c.so /opt/ros/humble/lib/libbuiltin_interfaces__rosidl_typesupport_fastrtps_cpp.so /opt/ros/humble/lib/libbuiltin_interfaces__rosidl_typesupport_introspection_cpp.so /opt/ros/humble/lib/libbuiltin_interfaces__rosidl_typesupport_cpp.so /opt/ros/humble/lib/libbuiltin_interfaces__rosidl_generator_py.so /opt/ros/humble/lib/librmw.so /opt/ros/humble/lib/libstd_msgs__rosidl_typesupport_c.so /usr/lib/x86_64-linux-gnu/libpython3.10.so /opt/ros/humble/lib/libbuiltin_interfaces__rosidl_typesupport_c.so libvd_msgs__rosidl_generator_c.so /opt/ros/humble/lib/librosidl_typesupport_fastrtps_c.so /opt/ros/humble/lib/librosidl_typesupport_fastrtps_cpp.so /opt/ros/humble/lib/libfastcdr.so.1.0.24 /opt/ros/humble/lib/librmw.so /opt/ros/humble/lib/libstd_msgs__rosidl_generator_c.so /opt/ros/humble/lib/libbuiltin_interfaces__rosidl_generator_c.so /opt/ros/humble/lib/librosidl_typesupport_introspection_cpp.so /opt/ros/humble/lib/librosidl_typesupport_introspection_c.so /opt/ros/humble/lib/librosidl_typesupport_c.so /opt/ros/humble/lib/librosidl_runtime_c.so /opt/ros/humble/lib/librcutils.so -ldl -Wl,-rpath-link,/opt/ros/humble/lib 
[4.548s] [100%] [32m[1mLinking C shared library rosidl_generator_py/vd_msgs/vd_msgs_s__rosidl_typesupport_introspection_c.cpython-310-x86_64-linux-gnu.so[0m
[4.548s] /opt/cmake-3.28.3-linux-x86_64/bin/cmake -E cmake_link_script CMakeFiles/vd_msgs__rosidl_typesupport_introspection_c__pyext.dir/link.txt --verbose=1
[4.550s] /usr/bin/cc -fPIC -shared -Wl,-soname,vd_msgs_s__rosidl_typesupport_introspection_c.cpython-310-x86_64-linux-gnu.so -o rosidl_generator_py/vd_msgs/vd_msgs_s__rosidl_typesupport_introspection_c.cpython-310-x86_64-linux-gnu.so CMakeFiles/vd_msgs__rosidl_typesupport_introspection_c__pyext.dir/rosidl_generator_py/vd_msgs/_vd_msgs_s.ep.rosidl_typesupport_introspection_c.c.o  -Wl,-rpath,/home/swati/Motion_Planning/MP_for_AV/src/MP_for_AV/build/vd_msgs/rosidl_generator_py/vd_msgs:/home/swati/Motion_Planning/MP_for_AV/src/MP_for_AV/build/vd_msgs:/opt/ros/humble/lib: rosidl_generator_py/vd_msgs/libvd_msgs__rosidl_generator_py.so /usr/lib/x86_64-linux-gnu/libpython3.10.so libvd_msgs__rosidl_typesupport_introspection_c.so libvd_msgs__rosidl_typesupport_c.so /opt/ros/humble/lib/libstd_msgs__rosidl_typesupport_fastrtps_c.so /opt/ros/humble/lib/libstd_msgs__rosidl_typesupport_fastrtps_cpp.so /opt/ros/humble/lib/libstd_msgs__rosidl_typesupport_introspection_c.so /opt/ros/humble/lib/libstd_msgs__rosidl_typesupport_introspection_cpp.so /opt/ros/humble/lib/libstd_msgs__rosidl_typesupport_cpp.so /opt/ros/humble/lib/libstd_msgs__rosidl_generator_py.so /opt/ros/humble/lib/libbuiltin_interfaces__rosidl_typesupport_fastrtps_c.so /opt/ros/humble/lib/libbuiltin_interfaces__rosidl_typesupport_introspection_c.so /opt/ros/humble/lib/libbuiltin_interfaces__rosidl_typesupport_fastrtps_cpp.so /opt/ros/humble/lib/libbuiltin_interfaces__rosidl_typesupport_introspection_cpp.so /opt/ros/humble/lib/libbuiltin_interfaces__rosidl_typesupport_cpp.so /opt/ros/humble/lib/libbuiltin_interfaces__rosidl_generator_py.so /opt/ros/humble/lib/librmw.so /opt/ros/humble/lib/libstd_msgs__rosidl_typesupport_c.so /usr/lib/x86_64-linux-gnu/libpython3.10.so /opt/ros/humble/lib/libbuiltin_interfaces__rosidl_typesupport_c.so libvd_msgs__rosidl_generator_c.so /opt/ros/humble/lib/libstd_msgs__rosidl_generator_c.so /opt/ros/humble/lib/libbuiltin_interfaces__rosidl_generator_c.so /opt/ros/humble/lib/librosidl_typesupport_fastrtps_c.so /opt/ros/humble/lib/librosidl_typesupport_fastrtps_cpp.so /opt/ros/humble/lib/libfastcdr.so.1.0.24 /opt/ros/humble/lib/librmw.so /opt/ros/humble/lib/librosidl_typesupport_introspection_cpp.so /opt/ros/humble/lib/librosidl_typesupport_introspection_c.so /opt/ros/humble/lib/librosidl_typesupport_c.so /opt/ros/humble/lib/librosidl_runtime_c.so /opt/ros/humble/lib/librcutils.so -ldl -Wl,-rpath-link,/opt/ros/humble/lib 
[4.562s] gmake[2]: Leaving directory '/home/swati/Motion_Planning/MP_for_AV/src/MP_for_AV/build/vd_msgs'
[4.565s] [100%] Built target vd_msgs__rosidl_typesupport_c__pyext
[4.565s] gmake[2]: Leaving directory '/home/swati/Motion_Planning/MP_for_AV/src/MP_for_AV/build/vd_msgs'
[4.567s] gmake[2]: Leaving directory '/home/swati/Motion_Planning/MP_for_AV/src/MP_for_AV/build/vd_msgs'
[4.567s] [100%] Built target vd_msgs__rosidl_typesupport_fastrtps_c__pyext
[4.570s] [100%] Built target vd_msgs__rosidl_typesupport_introspection_c__pyext
[4.570s] gmake[1]: Leaving directory '/home/swati/Motion_Planning/MP_for_AV/src/MP_for_AV/build/vd_msgs'
[4.570s] /opt/cmake-3.28.3-linux-x86_64/bin/cmake -E cmake_progress_start /home/swati/Motion_Planning/MP_for_AV/src/MP_for_AV/build/vd_msgs/CMakeFiles 0
[4.573s] 
[4.574s] Invoked command in '/home/swati/Motion_Planning/MP_for_AV/src/MP_for_AV/build/vd_msgs' returned '0': CMAKE_PREFIX_PATH=/opt/ros/humble /opt/cmake-3.28.3-linux-x86_64/bin/cmake --build /home/swati/Motion_Planning/MP_for_AV/src/MP_for_AV/build/vd_msgs -- -j20 -l20
[4.828s] Invoking command in '/home/swati/Motion_Planning/MP_for_AV/src/MP_for_AV/build/vd_msgs': CMAKE_PREFIX_PATH=/opt/ros/humble /opt/cmake-3.28.3-linux-x86_64/bin/cmake --install /home/swati/Motion_Planning/MP_for_AV/src/MP_for_AV/build/vd_msgs
[4.833s] -- Install configuration: ""
[4.833s] -- Installing: /home/swati/Motion_Planning/MP_for_AV/src/MP_for_AV/install/vd_msgs/share/ament_index/resource_index/rosidl_interfaces/vd_msgs
[4.833s] -- Installing: /home/swati/Motion_Planning/MP_for_AV/src/MP_for_AV/install/vd_msgs/include/vd_msgs/vd_msgs
[4.833s] -- Installing: /home/swati/Motion_Planning/MP_for_AV/src/MP_for_AV/install/vd_msgs/include/vd_msgs/vd_msgs/srv
[4.833s] -- Installing: /home/swati/Motion_Planning/MP_for_AV/src/MP_for_AV/install/vd_msgs/include/vd_msgs/vd_msgs/srv/detail
[4.833s] -- Installing: /home/swati/Motion_Planning/MP_for_AV/src/MP_for_AV/install/vd_msgs/include/vd_msgs/vd_msgs/srv/detail/planner_srv__functions.h
[4.834s] -- Installing: /home/swati/Motion_Planning/MP_for_AV/src/MP_for_AV/install/vd_msgs/include/vd_msgs/vd_msgs/srv/detail/planner_srv__functions.c
[4.834s] -- Installing: /home/swati/Motion_Planning/MP_for_AV/src/MP_for_AV/install/vd_msgs/include/vd_msgs/vd_msgs/srv/detail/planner_srv__struct.h
[4.834s] -- Installing: /home/swati/Motion_Planning/MP_for_AV/src/MP_for_AV/install/vd_msgs/include/vd_msgs/vd_msgs/srv/detail/planner_srv__type_support.h
[4.834s] -- Installing: /home/swati/Motion_Planning/MP_for_AV/src/MP_for_AV/install/vd_msgs/include/vd_msgs/vd_msgs/srv/planner_srv.h
[4.834s] -- Installing: /home/swati/Motion_Planning/MP_for_AV/src/MP_for_AV/install/vd_msgs/include/vd_msgs/vd_msgs/msg
[4.834s] -- Installing: /home/swati/Motion_Planning/MP_for_AV/src/MP_for_AV/install/vd_msgs/include/vd_msgs/vd_msgs/msg/vd_list.h
[4.834s] -- Installing: /home/swati/Motion_Planning/MP_for_AV/src/MP_for_AV/install/vd_msgs/include/vd_msgs/vd_msgs/msg/vd_control_cmd.h
[4.834s] -- Installing: /home/swati/Motion_Planning/MP_for_AV/src/MP_for_AV/install/vd_msgs/include/vd_msgs/vd_msgs/msg/v_dtraj.h
[4.834s] -- Installing: /home/swati/Motion_Planning/MP_for_AV/src/MP_for_AV/install/vd_msgs/include/vd_msgs/vd_msgs/msg/v_dstate.h
[4.834s] -- Installing: /home/swati/Motion_Planning/MP_for_AV/src/MP_for_AV/install/vd_msgs/include/vd_msgs/vd_msgs/msg/detail
[4.835s] -- Installing: /home/swati/Motion_Planning/MP_for_AV/src/MP_for_AV/install/vd_msgs/include/vd_msgs/vd_msgs/msg/detail/v_dpose__type_support.h
[4.835s] -- Installing: /home/swati/Motion_Planning/MP_for_AV/src/MP_for_AV/install/vd_msgs/include/vd_msgs/vd_msgs/msg/detail/vd_list__functions.h
[4.835s] -- Installing: /home/swati/Motion_Planning/MP_for_AV/src/MP_for_AV/install/vd_msgs/include/vd_msgs/vd_msgs/msg/detail/v_dstate__functions.h
[4.835s] -- Installing: /home/swati/Motion_Planning/MP_for_AV/src/MP_for_AV/install/vd_msgs/include/vd_msgs/vd_msgs/msg/detail/vd_path__type_support.h
[4.835s] -- Installing: /home/swati/Motion_Planning/MP_for_AV/src/MP_for_AV/install/vd_msgs/include/vd_msgs/vd_msgs/msg/detail/v_dtraj__type_support.h
[4.835s] -- Installing: /home/swati/Motion_Planning/MP_for_AV/src/MP_for_AV/install/vd_msgs/include/vd_msgs/vd_msgs/msg/detail/vd_control_cmd__struct.h
[4.835s] -- Installing: /home/swati/Motion_Planning/MP_for_AV/src/MP_for_AV/install/vd_msgs/include/vd_msgs/vd_msgs/msg/detail/vd_path__functions.c
[4.835s] -- Installing: /home/swati/Motion_Planning/MP_for_AV/src/MP_for_AV/install/vd_msgs/include/vd_msgs/vd_msgs/msg/detail/vd_list__functions.c
[4.835s] -- Installing: /home/swati/Motion_Planning/MP_for_AV/src/MP_for_AV/install/vd_msgs/include/vd_msgs/vd_msgs/msg/detail/vd_control_cmd__functions.h
[4.835s] -- Installing: /home/swati/Motion_Planning/MP_for_AV/src/MP_for_AV/install/vd_msgs/include/vd_msgs/vd_msgs/msg/detail/v_dstate__functions.c
[4.836s] -- Installing: /home/swati/Motion_Planning/MP_for_AV/src/MP_for_AV/install/vd_msgs/include/vd_msgs/vd_msgs/msg/detail/vd_control_cmd__type_support.h
[4.836s] -- Installing: /home/swati/Motion_Planning/MP_for_AV/src/MP_for_AV/install/vd_msgs/include/vd_msgs/vd_msgs/msg/detail/v_dtraj__functions.c
[4.836s] -- Installing: /home/swati/Motion_Planning/MP_for_AV/src/MP_for_AV/install/vd_msgs/include/vd_msgs/vd_msgs/msg/detail/v_dpose__functions.h
[4.836s] -- Installing: /home/swati/Motion_Planning/MP_for_AV/src/MP_for_AV/install/vd_msgs/include/vd_msgs/vd_msgs/msg/detail/vd_control_cmd__functions.c
[4.836s] -- Installing: /home/swati/Motion_Planning/MP_for_AV/src/MP_for_AV/install/vd_msgs/include/vd_msgs/vd_msgs/msg/detail/v_dpose__functions.c
[4.836s] -- Installing: /home/swati/Motion_Planning/MP_for_AV/src/MP_for_AV/install/vd_msgs/include/vd_msgs/vd_msgs/msg/detail/vd_list__type_support.h
[4.836s] -- Installing: /home/swati/Motion_Planning/MP_for_AV/src/MP_for_AV/install/vd_msgs/include/vd_msgs/vd_msgs/msg/detail/vd_path__functions.h
[4.836s] -- Installing: /home/swati/Motion_Planning/MP_for_AV/src/MP_for_AV/install/vd_msgs/include/vd_msgs/vd_msgs/msg/detail/v_dtraj__functions.h
[4.836s] -- Installing: /home/swati/Motion_Planning/MP_for_AV/src/MP_for_AV/install/vd_msgs/include/vd_msgs/vd_msgs/msg/detail/vd_path__struct.h
[4.837s] -- Installing: /home/swati/Motion_Planning/MP_for_AV/src/MP_for_AV/install/vd_msgs/include/vd_msgs/vd_msgs/msg/detail/v_dstate__type_support.h
[4.837s] -- Installing: /home/swati/Motion_Planning/MP_for_AV/src/MP_for_AV/install/vd_msgs/include/vd_msgs/vd_msgs/msg/detail/v_dpose__struct.h
[4.837s] -- Installing: /home/swati/Motion_Planning/MP_for_AV/src/MP_for_AV/install/vd_msgs/include/vd_msgs/vd_msgs/msg/detail/v_dtraj__struct.h
[4.837s] -- Installing: /home/swati/Motion_Planning/MP_for_AV/src/MP_for_AV/install/vd_msgs/include/vd_msgs/vd_msgs/msg/detail/vd_list__struct.h
[4.837s] -- Installing: /home/swati/Motion_Planning/MP_for_AV/src/MP_for_AV/install/vd_msgs/include/vd_msgs/vd_msgs/msg/detail/v_dstate__struct.h
[4.837s] -- Installing: /home/swati/Motion_Planning/MP_for_AV/src/MP_for_AV/install/vd_msgs/include/vd_msgs/vd_msgs/msg/vd_path.h
[4.837s] -- Installing: /home/swati/Motion_Planning/MP_for_AV/src/MP_for_AV/install/vd_msgs/include/vd_msgs/vd_msgs/msg/rosidl_generator_c__visibility_control.h
[4.837s] -- Installing: /home/swati/Motion_Planning/MP_for_AV/src/MP_for_AV/install/vd_msgs/include/vd_msgs/vd_msgs/msg/v_dpose.h
[4.837s] -- Installing: /home/swati/Motion_Planning/MP_for_AV/src/MP_for_AV/install/vd_msgs/share/vd_msgs/environment/library_path.sh
[4.837s] -- Installing: /home/swati/Motion_Planning/MP_for_AV/src/MP_for_AV/install/vd_msgs/share/vd_msgs/environment/library_path.dsv
[4.837s] -- Installing: /home/swati/Motion_Planning/MP_for_AV/src/MP_for_AV/install/vd_msgs/lib/libvd_msgs__rosidl_generator_c.so
[4.838s] -- Set non-toolchain portion of runtime path of "/home/swati/Motion_Planning/MP_for_AV/src/MP_for_AV/install/vd_msgs/lib/libvd_msgs__rosidl_generator_c.so" to ""
[4.838s] -- Up-to-date: /home/swati/Motion_Planning/MP_for_AV/src/MP_for_AV/install/vd_msgs/include/vd_msgs/vd_msgs
[4.838s] -- Up-to-date: /home/swati/Motion_Planning/MP_for_AV/src/MP_for_AV/install/vd_msgs/include/vd_msgs/vd_msgs/srv
[4.838s] -- Up-to-date: /home/swati/Motion_Planning/MP_for_AV/src/MP_for_AV/install/vd_msgs/include/vd_msgs/vd_msgs/srv/detail
[4.838s] -- Installing: /home/swati/Motion_Planning/MP_for_AV/src/MP_for_AV/install/vd_msgs/include/vd_msgs/vd_msgs/srv/detail/planner_srv__rosidl_typesupport_fastrtps_c.h
[4.838s] -- Up-to-date: /home/swati/Motion_Planning/MP_for_AV/src/MP_for_AV/install/vd_msgs/include/vd_msgs/vd_msgs/msg
[4.838s] -- Installing: /home/swati/Motion_Planning/MP_for_AV/src/MP_for_AV/install/vd_msgs/include/vd_msgs/vd_msgs/msg/rosidl_typesupport_fastrtps_c__visibility_control.h
[4.839s] -- Up-to-date: /home/swati/Motion_Planning/MP_for_AV/src/MP_for_AV/install/vd_msgs/include/vd_msgs/vd_msgs/msg/detail
[4.839s] -- Installing: /home/swati/Motion_Planning/MP_for_AV/src/MP_for_AV/install/vd_msgs/include/vd_msgs/vd_msgs/msg/detail/vd_path__rosidl_typesupport_fastrtps_c.h
[4.839s] -- Installing: /home/swati/Motion_Planning/MP_for_AV/src/MP_for_AV/install/vd_msgs/include/vd_msgs/vd_msgs/msg/detail/vd_list__rosidl_typesupport_fastrtps_c.h
[4.839s] -- Installing: /home/swati/Motion_Planning/MP_for_AV/src/MP_for_AV/install/vd_msgs/include/vd_msgs/vd_msgs/msg/detail/v_dstate__rosidl_typesupport_fastrtps_c.h
[4.839s] -- Installing: /home/swati/Motion_Planning/MP_for_AV/src/MP_for_AV/install/vd_msgs/include/vd_msgs/vd_msgs/msg/detail/v_dpose__rosidl_typesupport_fastrtps_c.h
[4.839s] -- Installing: /home/swati/Motion_Planning/MP_for_AV/src/MP_for_AV/install/vd_msgs/include/vd_msgs/vd_msgs/msg/detail/vd_control_cmd__rosidl_typesupport_fastrtps_c.h
[4.839s] -- Installing: /home/swati/Motion_Planning/MP_for_AV/src/MP_for_AV/install/vd_msgs/include/vd_msgs/vd_msgs/msg/detail/v_dtraj__rosidl_typesupport_fastrtps_c.h
[4.839s] -- Installing: /home/swati/Motion_Planning/MP_for_AV/src/MP_for_AV/install/vd_msgs/lib/libvd_msgs__rosidl_typesupport_fastrtps_c.so
[4.839s] -- Set non-toolchain portion of runtime path of "/home/swati/Motion_Planning/MP_for_AV/src/MP_for_AV/install/vd_msgs/lib/libvd_msgs__rosidl_typesupport_fastrtps_c.so" to ""
[4.840s] -- Up-to-date: /home/swati/Motion_Planning/MP_for_AV/src/MP_for_AV/install/vd_msgs/include/vd_msgs/vd_msgs
[4.840s] -- Up-to-date: /home/swati/Motion_Planning/MP_for_AV/src/MP_for_AV/install/vd_msgs/include/vd_msgs/vd_msgs/srv
[4.840s] -- Up-to-date: /home/swati/Motion_Planning/MP_for_AV/src/MP_for_AV/install/vd_msgs/include/vd_msgs/vd_msgs/srv/detail
[4.840s] -- Installing: /home/swati/Motion_Planning/MP_for_AV/src/MP_for_AV/install/vd_msgs/include/vd_msgs/vd_msgs/srv/detail/planner_srv__builder.hpp
[4.840s] -- Installing: /home/swati/Motion_Planning/MP_for_AV/src/MP_for_AV/install/vd_msgs/include/vd_msgs/vd_msgs/srv/detail/planner_srv__traits.hpp
[4.840s] -- Installing: /home/swati/Motion_Planning/MP_for_AV/src/MP_for_AV/install/vd_msgs/include/vd_msgs/vd_msgs/srv/detail/planner_srv__struct.hpp
[4.840s] -- Installing: /home/swati/Motion_Planning/MP_for_AV/src/MP_for_AV/install/vd_msgs/include/vd_msgs/vd_msgs/srv/planner_srv.hpp
[4.840s] -- Up-to-date: /home/swati/Motion_Planning/MP_for_AV/src/MP_for_AV/install/vd_msgs/include/vd_msgs/vd_msgs/msg
[4.840s] -- Installing: /home/swati/Motion_Planning/MP_for_AV/src/MP_for_AV/install/vd_msgs/include/vd_msgs/vd_msgs/msg/v_dstate.hpp
[4.840s] -- Installing: /home/swati/Motion_Planning/MP_for_AV/src/MP_for_AV/install/vd_msgs/include/vd_msgs/vd_msgs/msg/v_dtraj.hpp
[4.840s] -- Installing: /home/swati/Motion_Planning/MP_for_AV/src/MP_for_AV/install/vd_msgs/include/vd_msgs/vd_msgs/msg/vd_list.hpp
[4.840s] -- Installing: /home/swati/Motion_Planning/MP_for_AV/src/MP_for_AV/install/vd_msgs/include/vd_msgs/vd_msgs/msg/vd_control_cmd.hpp
[4.840s] -- Installing: /home/swati/Motion_Planning/MP_for_AV/src/MP_for_AV/install/vd_msgs/include/vd_msgs/vd_msgs/msg/vd_path.hpp
[4.840s] -- Installing: /home/swati/Motion_Planning/MP_for_AV/src/MP_for_AV/install/vd_msgs/include/vd_msgs/vd_msgs/msg/v_dpose.hpp
[4.840s] -- Up-to-date: /home/swati/Motion_Planning/MP_for_AV/src/MP_for_AV/install/vd_msgs/include/vd_msgs/vd_msgs/msg/detail
[4.841s] -- Installing: /home/swati/Motion_Planning/MP_for_AV/src/MP_for_AV/install/vd_msgs/include/vd_msgs/vd_msgs/msg/detail/vd_path__struct.hpp
[4.841s] -- Installing: /home/swati/Motion_Planning/MP_for_AV/src/MP_for_AV/install/vd_msgs/include/vd_msgs/vd_msgs/msg/detail/vd_list__traits.hpp
[4.841s] -- Installing: /home/swati/Motion_Planning/MP_for_AV/src/MP_for_AV/install/vd_msgs/include/vd_msgs/vd_msgs/msg/detail/vd_control_cmd__traits.hpp
[4.841s] -- Installing: /home/swati/Motion_Planning/MP_for_AV/src/MP_for_AV/install/vd_msgs/include/vd_msgs/vd_msgs/msg/detail/vd_control_cmd__struct.hpp
[4.841s] -- Installing: /home/swati/Motion_Planning/MP_for_AV/src/MP_for_AV/install/vd_msgs/include/vd_msgs/vd_msgs/msg/detail/vd_path__builder.hpp
[4.841s] -- Installing: /home/swati/Motion_Planning/MP_for_AV/src/MP_for_AV/install/vd_msgs/include/vd_msgs/vd_msgs/msg/detail/vd_control_cmd__builder.hpp
[4.841s] -- Installing: /home/swati/Motion_Planning/MP_for_AV/src/MP_for_AV/install/vd_msgs/include/vd_msgs/vd_msgs/msg/detail/v_dstate__struct.hpp
[4.841s] -- Installing: /home/swati/Motion_Planning/MP_for_AV/src/MP_for_AV/install/vd_msgs/include/vd_msgs/vd_msgs/msg/detail/v_dstate__builder.hpp
[4.841s] -- Installing: /home/swati/Motion_Planning/MP_for_AV/src/MP_for_AV/install/vd_msgs/include/vd_msgs/vd_msgs/msg/detail/vd_path__traits.hpp
[4.841s] -- Installing: /home/swati/Motion_Planning/MP_for_AV/src/MP_for_AV/install/vd_msgs/include/vd_msgs/vd_msgs/msg/detail/v_dpose__traits.hpp
[4.841s] -- Installing: /home/swati/Motion_Planning/MP_for_AV/src/MP_for_AV/install/vd_msgs/include/vd_msgs/vd_msgs/msg/detail/v_dpose__struct.hpp
[4.842s] -- Installing: /home/swati/Motion_Planning/MP_for_AV/src/MP_for_AV/install/vd_msgs/include/vd_msgs/vd_msgs/msg/detail/v_dtraj__struct.hpp
[4.842s] -- Installing: /home/swati/Motion_Planning/MP_for_AV/src/MP_for_AV/install/vd_msgs/include/vd_msgs/vd_msgs/msg/detail/vd_list__struct.hpp
[4.842s] -- Installing: /home/swati/Motion_Planning/MP_for_AV/src/MP_for_AV/install/vd_msgs/include/vd_msgs/vd_msgs/msg/detail/v_dstate__traits.hpp
[4.842s] -- Installing: /home/swati/Motion_Planning/MP_for_AV/src/MP_for_AV/install/vd_msgs/include/vd_msgs/vd_msgs/msg/detail/v_dtraj__builder.hpp
[4.842s] -- Installing: /home/swati/Motion_Planning/MP_for_AV/src/MP_for_AV/install/vd_msgs/include/vd_msgs/vd_msgs/msg/detail/v_dtraj__traits.hpp
[4.842s] -- Installing: /home/swati/Motion_Planning/MP_for_AV/src/MP_for_AV/install/vd_msgs/include/vd_msgs/vd_msgs/msg/detail/v_dpose__builder.hpp
[4.842s] -- Installing: /home/swati/Motion_Planning/MP_for_AV/src/MP_for_AV/install/vd_msgs/include/vd_msgs/vd_msgs/msg/detail/vd_list__builder.hpp
[4.842s] -- Up-to-date: /home/swati/Motion_Planning/MP_for_AV/src/MP_for_AV/install/vd_msgs/include/vd_msgs/vd_msgs
[4.842s] -- Up-to-date: /home/swati/Motion_Planning/MP_for_AV/src/MP_for_AV/install/vd_msgs/include/vd_msgs/vd_msgs/srv
[4.842s] -- Up-to-date: /home/swati/Motion_Planning/MP_for_AV/src/MP_for_AV/install/vd_msgs/include/vd_msgs/vd_msgs/srv/detail
[4.842s] -- Installing: /home/swati/Motion_Planning/MP_for_AV/src/MP_for_AV/install/vd_msgs/include/vd_msgs/vd_msgs/srv/detail/dds_fastrtps
[4.843s] -- Installing: /home/swati/Motion_Planning/MP_for_AV/src/MP_for_AV/install/vd_msgs/include/vd_msgs/vd_msgs/srv/detail/planner_srv__rosidl_typesupport_fastrtps_cpp.hpp
[4.843s] -- Up-to-date: /home/swati/Motion_Planning/MP_for_AV/src/MP_for_AV/install/vd_msgs/include/vd_msgs/vd_msgs/msg
[4.843s] -- Installing: /home/swati/Motion_Planning/MP_for_AV/src/MP_for_AV/install/vd_msgs/include/vd_msgs/vd_msgs/msg/rosidl_typesupport_fastrtps_cpp__visibility_control.h
[4.843s] -- Up-to-date: /home/swati/Motion_Planning/MP_for_AV/src/MP_for_AV/install/vd_msgs/include/vd_msgs/vd_msgs/msg/detail
[4.843s] -- Installing: /home/swati/Motion_Planning/MP_for_AV/src/MP_for_AV/install/vd_msgs/include/vd_msgs/vd_msgs/msg/detail/v_dpose__rosidl_typesupport_fastrtps_cpp.hpp
[4.843s] -- Installing: /home/swati/Motion_Planning/MP_for_AV/src/MP_for_AV/install/vd_msgs/include/vd_msgs/vd_msgs/msg/detail/vd_control_cmd__rosidl_typesupport_fastrtps_cpp.hpp
[4.843s] -- Installing: /home/swati/Motion_Planning/MP_for_AV/src/MP_for_AV/install/vd_msgs/include/vd_msgs/vd_msgs/msg/detail/vd_list__rosidl_typesupport_fastrtps_cpp.hpp
[4.843s] -- Installing: /home/swati/Motion_Planning/MP_for_AV/src/MP_for_AV/install/vd_msgs/include/vd_msgs/vd_msgs/msg/detail/vd_path__rosidl_typesupport_fastrtps_cpp.hpp
[4.843s] -- Installing: /home/swati/Motion_Planning/MP_for_AV/src/MP_for_AV/install/vd_msgs/include/vd_msgs/vd_msgs/msg/detail/v_dstate__rosidl_typesupport_fastrtps_cpp.hpp
[4.843s] -- Installing: /home/swati/Motion_Planning/MP_for_AV/src/MP_for_AV/install/vd_msgs/include/vd_msgs/vd_msgs/msg/detail/v_dtraj__rosidl_typesupport_fastrtps_cpp.hpp
[4.843s] -- Installing: /home/swati/Motion_Planning/MP_for_AV/src/MP_for_AV/install/vd_msgs/include/vd_msgs/vd_msgs/msg/detail/dds_fastrtps
[4.843s] -- Installing: /home/swati/Motion_Planning/MP_for_AV/src/MP_for_AV/install/vd_msgs/lib/libvd_msgs__rosidl_typesupport_fastrtps_cpp.so
[4.844s] -- Set non-toolchain portion of runtime path of "/home/swati/Motion_Planning/MP_for_AV/src/MP_for_AV/install/vd_msgs/lib/libvd_msgs__rosidl_typesupport_fastrtps_cpp.so" to ""
[4.844s] -- Up-to-date: /home/swati/Motion_Planning/MP_for_AV/src/MP_for_AV/install/vd_msgs/include/vd_msgs/vd_msgs
[4.844s] -- Up-to-date: /home/swati/Motion_Planning/MP_for_AV/src/MP_for_AV/install/vd_msgs/include/vd_msgs/vd_msgs/srv
[4.844s] -- Up-to-date: /home/swati/Motion_Planning/MP_for_AV/src/MP_for_AV/install/vd_msgs/include/vd_msgs/vd_msgs/srv/detail
[4.844s] -- Installing: /home/swati/Motion_Planning/MP_for_AV/src/MP_for_AV/install/vd_msgs/include/vd_msgs/vd_msgs/srv/detail/planner_srv__type_support.c
[4.844s] -- Installing: /home/swati/Motion_Planning/MP_for_AV/src/MP_for_AV/install/vd_msgs/include/vd_msgs/vd_msgs/srv/detail/planner_srv__rosidl_typesupport_introspection_c.h
[4.844s] -- Up-to-date: /home/swati/Motion_Planning/MP_for_AV/src/MP_for_AV/install/vd_msgs/include/vd_msgs/vd_msgs/msg
[4.844s] -- Installing: /home/swati/Motion_Planning/MP_for_AV/src/MP_for_AV/install/vd_msgs/include/vd_msgs/vd_msgs/msg/rosidl_typesupport_introspection_c__visibility_control.h
[4.844s] -- Up-to-date: /home/swati/Motion_Planning/MP_for_AV/src/MP_for_AV/install/vd_msgs/include/vd_msgs/vd_msgs/msg/detail
[4.844s] -- Installing: /home/swati/Motion_Planning/MP_for_AV/src/MP_for_AV/install/vd_msgs/include/vd_msgs/vd_msgs/msg/detail/v_dstate__rosidl_typesupport_introspection_c.h
[4.844s] -- Installing: /home/swati/Motion_Planning/MP_for_AV/src/MP_for_AV/install/vd_msgs/include/vd_msgs/vd_msgs/msg/detail/vd_control_cmd__type_support.c
[4.844s] -- Installing: /home/swati/Motion_Planning/MP_for_AV/src/MP_for_AV/install/vd_msgs/include/vd_msgs/vd_msgs/msg/detail/vd_list__type_support.c
[4.844s] -- Installing: /home/swati/Motion_Planning/MP_for_AV/src/MP_for_AV/install/vd_msgs/include/vd_msgs/vd_msgs/msg/detail/v_dtraj__rosidl_typesupport_introspection_c.h
[4.845s] -- Installing: /home/swati/Motion_Planning/MP_for_AV/src/MP_for_AV/install/vd_msgs/include/vd_msgs/vd_msgs/msg/detail/vd_control_cmd__rosidl_typesupport_introspection_c.h
[4.845s] -- Installing: /home/swati/Motion_Planning/MP_for_AV/src/MP_for_AV/install/vd_msgs/include/vd_msgs/vd_msgs/msg/detail/v_dpose__rosidl_typesupport_introspection_c.h
[4.845s] -- Installing: /home/swati/Motion_Planning/MP_for_AV/src/MP_for_AV/install/vd_msgs/include/vd_msgs/vd_msgs/msg/detail/v_dstate__type_support.c
[4.845s] -- Installing: /home/swati/Motion_Planning/MP_for_AV/src/MP_for_AV/install/vd_msgs/include/vd_msgs/vd_msgs/msg/detail/vd_path__type_support.c
[4.845s] -- Installing: /home/swati/Motion_Planning/MP_for_AV/src/MP_for_AV/install/vd_msgs/include/vd_msgs/vd_msgs/msg/detail/vd_path__rosidl_typesupport_introspection_c.h
[4.845s] -- Installing: /home/swati/Motion_Planning/MP_for_AV/src/MP_for_AV/install/vd_msgs/include/vd_msgs/vd_msgs/msg/detail/v_dpose__type_support.c
[4.845s] -- Installing: /home/swati/Motion_Planning/MP_for_AV/src/MP_for_AV/install/vd_msgs/include/vd_msgs/vd_msgs/msg/detail/vd_list__rosidl_typesupport_introspection_c.h
[4.845s] -- Installing: /home/swati/Motion_Planning/MP_for_AV/src/MP_for_AV/install/vd_msgs/include/vd_msgs/vd_msgs/msg/detail/v_dtraj__type_support.c
[4.845s] -- Installing: /home/swati/Motion_Planning/MP_for_AV/src/MP_for_AV/install/vd_msgs/lib/libvd_msgs__rosidl_typesupport_introspection_c.so
[4.846s] -- Set non-toolchain portion of runtime path of "/home/swati/Motion_Planning/MP_for_AV/src/MP_for_AV/install/vd_msgs/lib/libvd_msgs__rosidl_typesupport_introspection_c.so" to ""
[4.846s] -- Installing: /home/swati/Motion_Planning/MP_for_AV/src/MP_for_AV/install/vd_msgs/lib/libvd_msgs__rosidl_typesupport_c.so
[4.846s] -- Set non-toolchain portion of runtime path of "/home/swati/Motion_Planning/MP_for_AV/src/MP_for_AV/install/vd_msgs/lib/libvd_msgs__rosidl_typesupport_c.so" to ""
[4.846s] -- Up-to-date: /home/swati/Motion_Planning/MP_for_AV/src/MP_for_AV/install/vd_msgs/include/vd_msgs/vd_msgs
[4.846s] -- Up-to-date: /home/swati/Motion_Planning/MP_for_AV/src/MP_for_AV/install/vd_msgs/include/vd_msgs/vd_msgs/srv
[4.846s] -- Up-to-date: /home/swati/Motion_Planning/MP_for_AV/src/MP_for_AV/install/vd_msgs/include/vd_msgs/vd_msgs/srv/detail
[4.846s] -- Installing: /home/swati/Motion_Planning/MP_for_AV/src/MP_for_AV/install/vd_msgs/include/vd_msgs/vd_msgs/srv/detail/planner_srv__type_support.cpp
[4.846s] -- Installing: /home/swati/Motion_Planning/MP_for_AV/src/MP_for_AV/install/vd_msgs/include/vd_msgs/vd_msgs/srv/detail/planner_srv__rosidl_typesupport_introspection_cpp.hpp
[4.846s] -- Up-to-date: /home/swati/Motion_Planning/MP_for_AV/src/MP_for_AV/install/vd_msgs/include/vd_msgs/vd_msgs/msg
[4.846s] -- Up-to-date: /home/swati/Motion_Planning/MP_for_AV/src/MP_for_AV/install/vd_msgs/include/vd_msgs/vd_msgs/msg/detail
[4.846s] -- Installing: /home/swati/Motion_Planning/MP_for_AV/src/MP_for_AV/install/vd_msgs/include/vd_msgs/vd_msgs/msg/detail/v_dstate__type_support.cpp
[4.846s] -- Installing: /home/swati/Motion_Planning/MP_for_AV/src/MP_for_AV/install/vd_msgs/include/vd_msgs/vd_msgs/msg/detail/v_dtraj__rosidl_typesupport_introspection_cpp.hpp
[4.846s] -- Installing: /home/swati/Motion_Planning/MP_for_AV/src/MP_for_AV/install/vd_msgs/include/vd_msgs/vd_msgs/msg/detail/vd_list__rosidl_typesupport_introspection_cpp.hpp
[4.847s] -- Installing: /home/swati/Motion_Planning/MP_for_AV/src/MP_for_AV/install/vd_msgs/include/vd_msgs/vd_msgs/msg/detail/v_dpose__type_support.cpp
[4.847s] -- Installing: /home/swati/Motion_Planning/MP_for_AV/src/MP_for_AV/install/vd_msgs/include/vd_msgs/vd_msgs/msg/detail/vd_list__type_support.cpp
[4.847s] -- Installing: /home/swati/Motion_Planning/MP_for_AV/src/MP_for_AV/install/vd_msgs/include/vd_msgs/vd_msgs/msg/detail/vd_control_cmd__type_support.cpp
[4.847s] -- Installing: /home/swati/Motion_Planning/MP_for_AV/src/MP_for_AV/install/vd_msgs/include/vd_msgs/vd_msgs/msg/detail/v_dtraj__type_support.cpp
[4.847s] -- Installing: /home/swati/Motion_Planning/MP_for_AV/src/MP_for_AV/install/vd_msgs/include/vd_msgs/vd_msgs/msg/detail/v_dpose__rosidl_typesupport_introspection_cpp.hpp
[4.847s] -- Installing: /home/swati/Motion_Planning/MP_for_AV/src/MP_for_AV/install/vd_msgs/include/vd_msgs/vd_msgs/msg/detail/vd_control_cmd__rosidl_typesupport_introspection_cpp.hpp
[4.847s] -- Installing: /home/swati/Motion_Planning/MP_for_AV/src/MP_for_AV/install/vd_msgs/include/vd_msgs/vd_msgs/msg/detail/vd_path__rosidl_typesupport_introspection_cpp.hpp
[4.847s] -- Installing: /home/swati/Motion_Planning/MP_for_AV/src/MP_for_AV/install/vd_msgs/include/vd_msgs/vd_msgs/msg/detail/vd_path__type_support.cpp
[4.847s] -- Installing: /home/swati/Motion_Planning/MP_for_AV/src/MP_for_AV/install/vd_msgs/include/vd_msgs/vd_msgs/msg/detail/v_dstate__rosidl_typesupport_introspection_cpp.hpp
[4.847s] -- Installing: /home/swati/Motion_Planning/MP_for_AV/src/MP_for_AV/install/vd_msgs/lib/libvd_msgs__rosidl_typesupport_introspection_cpp.so
[4.848s] -- Set non-toolchain portion of runtime path of "/home/swati/Motion_Planning/MP_for_AV/src/MP_for_AV/install/vd_msgs/lib/libvd_msgs__rosidl_typesupport_introspection_cpp.so" to ""
[4.848s] -- Installing: /home/swati/Motion_Planning/MP_for_AV/src/MP_for_AV/install/vd_msgs/lib/libvd_msgs__rosidl_typesupport_cpp.so
[4.848s] -- Set non-toolchain portion of runtime path of "/home/swati/Motion_Planning/MP_for_AV/src/MP_for_AV/install/vd_msgs/lib/libvd_msgs__rosidl_typesupport_cpp.so" to ""
[4.848s] -- Installing: /home/swati/Motion_Planning/MP_for_AV/src/MP_for_AV/install/vd_msgs/share/vd_msgs/environment/pythonpath.sh
[4.848s] -- Installing: /home/swati/Motion_Planning/MP_for_AV/src/MP_for_AV/install/vd_msgs/share/vd_msgs/environment/pythonpath.dsv
[4.848s] -- Installing: /home/swati/Motion_Planning/MP_for_AV/src/MP_for_AV/install/vd_msgs/local/lib/python3.10/dist-packages/vd_msgs-0.0.0-py3.10.egg-info
[4.848s] -- Installing: /home/swati/Motion_Planning/MP_for_AV/src/MP_for_AV/install/vd_msgs/local/lib/python3.10/dist-packages/vd_msgs-0.0.0-py3.10.egg-info/top_level.txt
[4.849s] -- Installing: /home/swati/Motion_Planning/MP_for_AV/src/MP_for_AV/install/vd_msgs/local/lib/python3.10/dist-packages/vd_msgs-0.0.0-py3.10.egg-info/PKG-INFO
[4.849s] -- Installing: /home/swati/Motion_Planning/MP_for_AV/src/MP_for_AV/install/vd_msgs/local/lib/python3.10/dist-packages/vd_msgs-0.0.0-py3.10.egg-info/SOURCES.txt
[4.849s] -- Installing: /home/swati/Motion_Planning/MP_for_AV/src/MP_for_AV/install/vd_msgs/local/lib/python3.10/dist-packages/vd_msgs-0.0.0-py3.10.egg-info/dependency_links.txt
[4.849s] -- Installing: /home/swati/Motion_Planning/MP_for_AV/src/MP_for_AV/install/vd_msgs/local/lib/python3.10/dist-packages/vd_msgs
[4.849s] -- Installing: /home/swati/Motion_Planning/MP_for_AV/src/MP_for_AV/install/vd_msgs/local/lib/python3.10/dist-packages/vd_msgs/_vd_msgs_s.ep.rosidl_typesupport_introspection_c.c
[4.849s] -- Installing: /home/swati/Motion_Planning/MP_for_AV/src/MP_for_AV/install/vd_msgs/local/lib/python3.10/dist-packages/vd_msgs/vd_msgs_s__rosidl_typesupport_introspection_c.cpython-310-x86_64-linux-gnu.so
[4.849s] -- Installing: /home/swati/Motion_Planning/MP_for_AV/src/MP_for_AV/install/vd_msgs/local/lib/python3.10/dist-packages/vd_msgs/_vd_msgs_s.ep.rosidl_typesupport_fastrtps_c.c
[4.849s] -- Installing: /home/swati/Motion_Planning/MP_for_AV/src/MP_for_AV/install/vd_msgs/local/lib/python3.10/dist-packages/vd_msgs/srv
[4.849s] -- Installing: /home/swati/Motion_Planning/MP_for_AV/src/MP_for_AV/install/vd_msgs/local/lib/python3.10/dist-packages/vd_msgs/srv/_planner_srv_s.c
[4.850s] -- Installing: /home/swati/Motion_Planning/MP_for_AV/src/MP_for_AV/install/vd_msgs/local/lib/python3.10/dist-packages/vd_msgs/srv/__init__.py
[4.850s] -- Installing: /home/swati/Motion_Planning/MP_for_AV/src/MP_for_AV/install/vd_msgs/local/lib/python3.10/dist-packages/vd_msgs/srv/_planner_srv.py
[4.850s] -- Installing: /home/swati/Motion_Planning/MP_for_AV/src/MP_for_AV/install/vd_msgs/local/lib/python3.10/dist-packages/vd_msgs/vd_msgs_s__rosidl_typesupport_c.cpython-310-x86_64-linux-gnu.so
[4.850s] -- Installing: /home/swati/Motion_Planning/MP_for_AV/src/MP_for_AV/install/vd_msgs/local/lib/python3.10/dist-packages/vd_msgs/__init__.py
[4.850s] -- Installing: /home/swati/Motion_Planning/MP_for_AV/src/MP_for_AV/install/vd_msgs/local/lib/python3.10/dist-packages/vd_msgs/msg
[4.850s] -- Installing: /home/swati/Motion_Planning/MP_for_AV/src/MP_for_AV/install/vd_msgs/local/lib/python3.10/dist-packages/vd_msgs/msg/_v_dstate.py
[4.850s] -- Installing: /home/swati/Motion_Planning/MP_for_AV/src/MP_for_AV/install/vd_msgs/local/lib/python3.10/dist-packages/vd_msgs/msg/_vd_list.py
[4.850s] -- Installing: /home/swati/Motion_Planning/MP_for_AV/src/MP_for_AV/install/vd_msgs/local/lib/python3.10/dist-packages/vd_msgs/msg/_v_dpose.py
[4.850s] -- Installing: /home/swati/Motion_Planning/MP_for_AV/src/MP_for_AV/install/vd_msgs/local/lib/python3.10/dist-packages/vd_msgs/msg/_vd_path.py
[4.850s] -- Installing: /home/swati/Motion_Planning/MP_for_AV/src/MP_for_AV/install/vd_msgs/local/lib/python3.10/dist-packages/vd_msgs/msg/_v_dpose_s.c
[4.850s] -- Installing: /home/swati/Motion_Planning/MP_for_AV/src/MP_for_AV/install/vd_msgs/local/lib/python3.10/dist-packages/vd_msgs/msg/__init__.py
[4.850s] -- Installing: /home/swati/Motion_Planning/MP_for_AV/src/MP_for_AV/install/vd_msgs/local/lib/python3.10/dist-packages/vd_msgs/msg/_vd_list_s.c
[4.851s] -- Installing: /home/swati/Motion_Planning/MP_for_AV/src/MP_for_AV/install/vd_msgs/local/lib/python3.10/dist-packages/vd_msgs/msg/_vd_control_cmd_s.c
[4.851s] -- Installing: /home/swati/Motion_Planning/MP_for_AV/src/MP_for_AV/install/vd_msgs/local/lib/python3.10/dist-packages/vd_msgs/msg/_vd_control_cmd.py
[4.851s] -- Installing: /home/swati/Motion_Planning/MP_for_AV/src/MP_for_AV/install/vd_msgs/local/lib/python3.10/dist-packages/vd_msgs/msg/_v_dtraj.py
[4.851s] -- Installing: /home/swati/Motion_Planning/MP_for_AV/src/MP_for_AV/install/vd_msgs/local/lib/python3.10/dist-packages/vd_msgs/msg/_v_dtraj_s.c
[4.851s] -- Installing: /home/swati/Motion_Planning/MP_for_AV/src/MP_for_AV/install/vd_msgs/local/lib/python3.10/dist-packages/vd_msgs/msg/_v_dstate_s.c
[4.851s] -- Installing: /home/swati/Motion_Planning/MP_for_AV/src/MP_for_AV/install/vd_msgs/local/lib/python3.10/dist-packages/vd_msgs/msg/_vd_path_s.c
[4.851s] -- Installing: /home/swati/Motion_Planning/MP_for_AV/src/MP_for_AV/install/vd_msgs/local/lib/python3.10/dist-packages/vd_msgs/vd_msgs_s__rosidl_typesupport_fastrtps_c.cpython-310-x86_64-linux-gnu.so
[4.851s] -- Installing: /home/swati/Motion_Planning/MP_for_AV/src/MP_for_AV/install/vd_msgs/local/lib/python3.10/dist-packages/vd_msgs/libvd_msgs__rosidl_generator_py.so
[4.851s] -- Installing: /home/swati/Motion_Planning/MP_for_AV/src/MP_for_AV/install/vd_msgs/local/lib/python3.10/dist-packages/vd_msgs/_vd_msgs_s.ep.rosidl_typesupport_c.c
[4.883s] Listing '/home/swati/Motion_Planning/MP_for_AV/src/MP_for_AV/install/vd_msgs/local/lib/python3.10/dist-packages/vd_msgs'...
[4.883s] Compiling '/home/swati/Motion_Planning/MP_for_AV/src/MP_for_AV/install/vd_msgs/local/lib/python3.10/dist-packages/vd_msgs/__init__.py'...
[4.883s] Listing '/home/swati/Motion_Planning/MP_for_AV/src/MP_for_AV/install/vd_msgs/local/lib/python3.10/dist-packages/vd_msgs/msg'...
[4.883s] Compiling '/home/swati/Motion_Planning/MP_for_AV/src/MP_for_AV/install/vd_msgs/local/lib/python3.10/dist-packages/vd_msgs/msg/__init__.py'...
[4.883s] Compiling '/home/swati/Motion_Planning/MP_for_AV/src/MP_for_AV/install/vd_msgs/local/lib/python3.10/dist-packages/vd_msgs/msg/_v_dpose.py'...
[4.883s] Compiling '/home/swati/Motion_Planning/MP_for_AV/src/MP_for_AV/install/vd_msgs/local/lib/python3.10/dist-packages/vd_msgs/msg/_v_dstate.py'...
[4.883s] Compiling '/home/swati/Motion_Planning/MP_for_AV/src/MP_for_AV/install/vd_msgs/local/lib/python3.10/dist-packages/vd_msgs/msg/_v_dtraj.py'...
[4.883s] Compiling '/home/swati/Motion_Planning/MP_for_AV/src/MP_for_AV/install/vd_msgs/local/lib/python3.10/dist-packages/vd_msgs/msg/_vd_control_cmd.py'...
[4.883s] Compiling '/home/swati/Motion_Planning/MP_for_AV/src/MP_for_AV/install/vd_msgs/local/lib/python3.10/dist-packages/vd_msgs/msg/_vd_list.py'...
[4.883s] Compiling '/home/swati/Motion_Planning/MP_for_AV/src/MP_for_AV/install/vd_msgs/local/lib/python3.10/dist-packages/vd_msgs/msg/_vd_path.py'...
[4.883s] Listing '/home/swati/Motion_Planning/MP_for_AV/src/MP_for_AV/install/vd_msgs/local/lib/python3.10/dist-packages/vd_msgs/srv'...
[4.883s] Compiling '/home/swati/Motion_Planning/MP_for_AV/src/MP_for_AV/install/vd_msgs/local/lib/python3.10/dist-packages/vd_msgs/srv/__init__.py'...
[4.883s] Compiling '/home/swati/Motion_Planning/MP_for_AV/src/MP_for_AV/install/vd_msgs/local/lib/python3.10/dist-packages/vd_msgs/srv/_planner_srv.py'...
[4.886s] -- Installing: /home/swati/Motion_Planning/MP_for_AV/src/MP_for_AV/install/vd_msgs/local/lib/python3.10/dist-packages/vd_msgs/vd_msgs_s__rosidl_typesupport_fastrtps_c.cpython-310-x86_64-linux-gnu.so
[4.886s] -- Set non-toolchain portion of runtime path of "/home/swati/Motion_Planning/MP_for_AV/src/MP_for_AV/install/vd_msgs/local/lib/python3.10/dist-packages/vd_msgs/vd_msgs_s__rosidl_typesupport_fastrtps_c.cpython-310-x86_64-linux-gnu.so" to ""
[4.886s] -- Installing: /home/swati/Motion_Planning/MP_for_AV/src/MP_for_AV/install/vd_msgs/local/lib/python3.10/dist-packages/vd_msgs/vd_msgs_s__rosidl_typesupport_introspection_c.cpython-310-x86_64-linux-gnu.so
[4.886s] -- Set non-toolchain portion of runtime path of "/home/swati/Motion_Planning/MP_for_AV/src/MP_for_AV/install/vd_msgs/local/lib/python3.10/dist-packages/vd_msgs/vd_msgs_s__rosidl_typesupport_introspection_c.cpython-310-x86_64-linux-gnu.so" to ""
[4.886s] -- Installing: /home/swati/Motion_Planning/MP_for_AV/src/MP_for_AV/install/vd_msgs/local/lib/python3.10/dist-packages/vd_msgs/vd_msgs_s__rosidl_typesupport_c.cpython-310-x86_64-linux-gnu.so
[4.886s] -- Set non-toolchain portion of runtime path of "/home/swati/Motion_Planning/MP_for_AV/src/MP_for_AV/install/vd_msgs/local/lib/python3.10/dist-packages/vd_msgs/vd_msgs_s__rosidl_typesupport_c.cpython-310-x86_64-linux-gnu.so" to ""
[4.886s] -- Installing: /home/swati/Motion_Planning/MP_for_AV/src/MP_for_AV/install/vd_msgs/lib/libvd_msgs__rosidl_generator_py.so
[4.887s] -- Set non-toolchain portion of runtime path of "/home/swati/Motion_Planning/MP_for_AV/src/MP_for_AV/install/vd_msgs/lib/libvd_msgs__rosidl_generator_py.so" to ""
[4.887s] -- Installing: /home/swati/Motion_Planning/MP_for_AV/src/MP_for_AV/install/vd_msgs/share/vd_msgs/msg/VDpose.idl
[4.887s] -- Installing: /home/swati/Motion_Planning/MP_for_AV/src/MP_for_AV/install/vd_msgs/share/vd_msgs/msg/VDstate.idl
[4.887s] -- Installing: /home/swati/Motion_Planning/MP_for_AV/src/MP_for_AV/install/vd_msgs/share/vd_msgs/msg/VDtraj.idl
[4.887s] -- Installing: /home/swati/Motion_Planning/MP_for_AV/src/MP_for_AV/install/vd_msgs/share/vd_msgs/msg/VDControlCMD.idl
[4.887s] -- Installing: /home/swati/Motion_Planning/MP_for_AV/src/MP_for_AV/install/vd_msgs/share/vd_msgs/msg/VDPath.idl
[4.887s] -- Installing: /home/swati/Motion_Planning/MP_for_AV/src/MP_for_AV/install/vd_msgs/share/vd_msgs/msg/VDList.idl
[4.887s] -- Installing: /home/swati/Motion_Planning/MP_for_AV/src/MP_for_AV/install/vd_msgs/share/vd_msgs/srv/PlannerSrv.idl
[4.887s] -- Installing: /home/swati/Motion_Planning/MP_for_AV/src/MP_for_AV/install/vd_msgs/share/vd_msgs/msg/VDpose.msg
[4.887s] -- Installing: /home/swati/Motion_Planning/MP_for_AV/src/MP_for_AV/install/vd_msgs/share/vd_msgs/msg/VDstate.msg
[4.887s] -- Installing: /home/swati/Motion_Planning/MP_for_AV/src/MP_for_AV/install/vd_msgs/share/vd_msgs/msg/VDtraj.msg
[4.887s] -- Installing: /home/swati/Motion_Planning/MP_for_AV/src/MP_for_AV/install/vd_msgs/share/vd_msgs/msg/VDControlCMD.msg
[4.887s] -- Installing: /home/swati/Motion_Planning/MP_for_AV/src/MP_for_AV/install/vd_msgs/share/vd_msgs/msg/VDPath.msg
[4.887s] -- Installing: /home/swati/Motion_Planning/MP_for_AV/src/MP_for_AV/install/vd_msgs/share/vd_msgs/msg/VDList.msg
[4.887s] -- Installing: /home/swati/Motion_Planning/MP_for_AV/src/MP_for_AV/install/vd_msgs/share/vd_msgs/srv/PlannerSrv.srv
[4.887s] -- Installing: /home/swati/Motion_Planning/MP_for_AV/src/MP_for_AV/install/vd_msgs/share/vd_msgs/srv/PlannerSrv_Request.msg
[4.888s] -- Installing: /home/swati/Motion_Planning/MP_for_AV/src/MP_for_AV/install/vd_msgs/share/vd_msgs/srv/PlannerSrv_Response.msg
[4.888s] -- Installing: /home/swati/Motion_Planning/MP_for_AV/src/MP_for_AV/install/vd_msgs/share/ament_index/resource_index/package_run_dependencies/vd_msgs
[4.888s] -- Installing: /home/swati/Motion_Planning/MP_for_AV/src/MP_for_AV/install/vd_msgs/share/ament_index/resource_index/parent_prefix_path/vd_msgs
[4.888s] -- Installing: /home/swati/Motion_Planning/MP_for_AV/src/MP_for_AV/install/vd_msgs/share/vd_msgs/environment/ament_prefix_path.sh
[4.888s] -- Installing: /home/swati/Motion_Planning/MP_for_AV/src/MP_for_AV/install/vd_msgs/share/vd_msgs/environment/ament_prefix_path.dsv
[4.888s] -- Installing: /home/swati/Motion_Planning/MP_for_AV/src/MP_for_AV/install/vd_msgs/share/vd_msgs/environment/path.sh
[4.888s] -- Installing: /home/swati/Motion_Planning/MP_for_AV/src/MP_for_AV/install/vd_msgs/share/vd_msgs/environment/path.dsv
[4.888s] -- Installing: /home/swati/Motion_Planning/MP_for_AV/src/MP_for_AV/install/vd_msgs/share/vd_msgs/local_setup.bash
[4.888s] -- Installing: /home/swati/Motion_Planning/MP_for_AV/src/MP_for_AV/install/vd_msgs/share/vd_msgs/local_setup.sh
[4.888s] -- Installing: /home/swati/Motion_Planning/MP_for_AV/src/MP_for_AV/install/vd_msgs/share/vd_msgs/local_setup.zsh
[4.888s] -- Installing: /home/swati/Motion_Planning/MP_for_AV/src/MP_for_AV/install/vd_msgs/share/vd_msgs/local_setup.dsv
[4.888s] -- Installing: /home/swati/Motion_Planning/MP_for_AV/src/MP_for_AV/install/vd_msgs/share/vd_msgs/package.dsv
[4.888s] -- Installing: /home/swati/Motion_Planning/MP_for_AV/src/MP_for_AV/install/vd_msgs/share/ament_index/resource_index/packages/vd_msgs
[4.888s] -- Installing: /home/swati/Motion_Planning/MP_for_AV/src/MP_for_AV/install/vd_msgs/share/vd_msgs/cmake/export_vd_msgs__rosidl_generator_cExport.cmake
[4.888s] -- Installing: /home/swati/Motion_Planning/MP_for_AV/src/MP_for_AV/install/vd_msgs/share/vd_msgs/cmake/export_vd_msgs__rosidl_generator_cExport-noconfig.cmake
[4.888s] -- Installing: /home/swati/Motion_Planning/MP_for_AV/src/MP_for_AV/install/vd_msgs/share/vd_msgs/cmake/export_vd_msgs__rosidl_typesupport_fastrtps_cExport.cmake
[4.889s] -- Installing: /home/swati/Motion_Planning/MP_for_AV/src/MP_for_AV/install/vd_msgs/share/vd_msgs/cmake/export_vd_msgs__rosidl_typesupport_fastrtps_cExport-noconfig.cmake
[4.889s] -- Installing: /home/swati/Motion_Planning/MP_for_AV/src/MP_for_AV/install/vd_msgs/share/vd_msgs/cmake/export_vd_msgs__rosidl_generator_cppExport.cmake
[4.889s] -- Installing: /home/swati/Motion_Planning/MP_for_AV/src/MP_for_AV/install/vd_msgs/share/vd_msgs/cmake/export_vd_msgs__rosidl_typesupport_fastrtps_cppExport.cmake
[4.889s] -- Installing: /home/swati/Motion_Planning/MP_for_AV/src/MP_for_AV/install/vd_msgs/share/vd_msgs/cmake/export_vd_msgs__rosidl_typesupport_fastrtps_cppExport-noconfig.cmake
[4.889s] -- Installing: /home/swati/Motion_Planning/MP_for_AV/src/MP_for_AV/install/vd_msgs/share/vd_msgs/cmake/vd_msgs__rosidl_typesupport_introspection_cExport.cmake
[4.889s] -- Installing: /home/swati/Motion_Planning/MP_for_AV/src/MP_for_AV/install/vd_msgs/share/vd_msgs/cmake/vd_msgs__rosidl_typesupport_introspection_cExport-noconfig.cmake
[4.889s] -- Installing: /home/swati/Motion_Planning/MP_for_AV/src/MP_for_AV/install/vd_msgs/share/vd_msgs/cmake/vd_msgs__rosidl_typesupport_cExport.cmake
[4.889s] -- Installing: /home/swati/Motion_Planning/MP_for_AV/src/MP_for_AV/install/vd_msgs/share/vd_msgs/cmake/vd_msgs__rosidl_typesupport_cExport-noconfig.cmake
[4.889s] -- Installing: /home/swati/Motion_Planning/MP_for_AV/src/MP_for_AV/install/vd_msgs/share/vd_msgs/cmake/vd_msgs__rosidl_typesupport_introspection_cppExport.cmake
[4.889s] -- Installing: /home/swati/Motion_Planning/MP_for_AV/src/MP_for_AV/install/vd_msgs/share/vd_msgs/cmake/vd_msgs__rosidl_typesupport_introspection_cppExport-noconfig.cmake
[4.889s] -- Installing: /home/swati/Motion_Planning/MP_for_AV/src/MP_for_AV/install/vd_msgs/share/vd_msgs/cmake/vd_msgs__rosidl_typesupport_cppExport.cmake
[4.889s] -- Installing: /home/swati/Motion_Planning/MP_for_AV/src/MP_for_AV/install/vd_msgs/share/vd_msgs/cmake/vd_msgs__rosidl_typesupport_cppExport-noconfig.cmake
[4.889s] -- Installing: /home/swati/Motion_Planning/MP_for_AV/src/MP_for_AV/install/vd_msgs/share/vd_msgs/cmake/export_vd_msgs__rosidl_generator_pyExport.cmake
[4.889s] -- Installing: /home/swati/Motion_Planning/MP_for_AV/src/MP_for_AV/install/vd_msgs/share/vd_msgs/cmake/export_vd_msgs__rosidl_generator_pyExport-noconfig.cmake
[4.889s] -- Installing: /home/swati/Motion_Planning/MP_for_AV/src/MP_for_AV/install/vd_msgs/share/vd_msgs/cmake/rosidl_cmake-extras.cmake
[4.890s] -- Installing: /home/swati/Motion_Planning/MP_for_AV/src/MP_for_AV/install/vd_msgs/share/vd_msgs/cmake/ament_cmake_export_dependencies-extras.cmake
[4.890s] -- Installing: /home/swati/Motion_Planning/MP_for_AV/src/MP_for_AV/install/vd_msgs/share/vd_msgs/cmake/ament_cmake_export_include_directories-extras.cmake
[4.890s] -- Installing: /home/swati/Motion_Planning/MP_for_AV/src/MP_for_AV/install/vd_msgs/share/vd_msgs/cmake/ament_cmake_export_libraries-extras.cmake
[4.890s] -- Installing: /home/swati/Motion_Planning/MP_for_AV/src/MP_for_AV/install/vd_msgs/share/vd_msgs/cmake/ament_cmake_export_targets-extras.cmake
[4.890s] -- Installing: /home/swati/Motion_Planning/MP_for_AV/src/MP_for_AV/install/vd_msgs/share/vd_msgs/cmake/rosidl_cmake_export_typesupport_targets-extras.cmake
[4.890s] -- Installing: /home/swati/Motion_Planning/MP_for_AV/src/MP_for_AV/install/vd_msgs/share/vd_msgs/cmake/rosidl_cmake_export_typesupport_libraries-extras.cmake
[4.890s] -- Installing: /home/swati/Motion_Planning/MP_for_AV/src/MP_for_AV/install/vd_msgs/share/vd_msgs/cmake/vd_msgsConfig.cmake
[4.890s] -- Installing: /home/swati/Motion_Planning/MP_for_AV/src/MP_for_AV/install/vd_msgs/share/vd_msgs/cmake/vd_msgsConfig-version.cmake
[4.890s] -- Installing: /home/swati/Motion_Planning/MP_for_AV/src/MP_for_AV/install/vd_msgs/share/vd_msgs/package.xml
[4.892s] Invoked command in '/home/swati/Motion_Planning/MP_for_AV/src/MP_for_AV/build/vd_msgs' returned '0': CMAKE_PREFIX_PATH=/opt/ros/humble /opt/cmake-3.28.3-linux-x86_64/bin/cmake --install /home/swati/Motion_Planning/MP_for_AV/src/MP_for_AV/build/vd_msgs
